дата,смена,тип_записи,плотность_мельница_1_ср,плотность_мельница_2_ср,плотность_мельница_3_ср,плотность_мельница_4_ср,плотность_мельница_5_ср,слив_гидроциклон_1ст_ср,слив_гидроциклон_2ст_ср,производительность_итого,мельница,счетчик_начало,счетчик_конец,переработка,диаметр_мм,вес_тн,примечание,время_начала,время_окончания,длительность,причина,мкр_остаток_начало,мкр_выпуск,мкр_отгружено,мкр_остаток_конец,время,ph_слив_гц1,ph_слив_гц1_ср
2026-01-01,1,итого_смена,69.0,60.0,,68.0,65.0,44.5,31.0,1025.1979999999999,,,,,,,,,,,,,,,,,,
2026-01-01,1,счетчик,,,,,,,,,1.0,21.0,510168.7,510645.7,,,,,,,,,,,,,,
2026-01-01,1,счетчик,,,,,,,,,2.0,22.0,810050.111,810050.111,,,,,,,,,,,,,,
2026-01-01,1,счетчик,,,,,,,,,3.0,23.0,502129.0,502531.0,,,,,,,,,,,,,,
2026-01-01,1,счетчик,,,,,,,,,4.0,24.0,8613.78,8759.978000000001,,,,,,,,,,,,,,
2026-01-01,1,счетчик,,,,,,,,,5.0,1.0,,,,,,,,,,,,,,,,
2026-01-01,1,счетчик,,,,,,,,,6.0,2.0,,,,,,,,,,,,,,,,
2026-01-01,1,загрузка_шаров,,,,,,,,,1.0,,,,60.0,0.2,новые,,,,,,,,,,,
2026-01-01,1,загрузка_шаров,,,,,,,,,2.0,,,,30.0,0.15,новые,,,,,,,,,,,
2026-01-01,1,загрузка_шаров,,,,,,,,,4.0,,,,60.0,0.2,новые,,,,,,,,,,,
2026-01-01,1,загрузка_шаров,,,,,,,,,5.0,,,,60.0,0.1,новые,,,,,,,,,,,
2026-01-01,1,простой,,,,,,,,,3.0,,,,,,,20:00:00,08:00:00,12часов,МШР стоит - ППР.,,,,,,,
2026-01-01,1,мкр,,,,,,,,,,,,,,,,,,,,73.0,10.0,,83.0,,,
2026-01-01,1,ph,,,,,,,,,,,,,,,,,,,,,,,,21:00,10.18,
2026-01-01,1,ph,,,,,,,,,,,,,,,,,,,,,,,,23:00,10.09,
2026-01-01,1,ph,,,,,,,,,,,,,,,,,,,,,,,,03:00,9.1,
2026-01-01,1,ph,,,,,,,,,,,,,,,,,,,,,,,,05:00,9.5,
2026-01-01,1,ph,,,,,,,,,,,,,,,,,,,,,,,,07:00,9.97,
2026-01-01,1,ph_среднее,,,,,,,,,,,,,,,,,,,,,,,,,,9.743333333333332
2026-01-01,2,итого_смена,69.0,52.0,,63.0,66.5,44.5,32.5,1018.772,,,,,,,,,,,,,,,,,,
2026-01-01,2,счетчик,,,,,,,,,1.0,9.0,510645.7,511132.9,,,,,,,,,,,,,,
2026-01-01,2,счетчик,,,,,,,,,2.0,10.0,810050.111,810050.111,,,,,,,,,,,,,,
2026-01-01,2,счетчик,,,,,,,,,3.0,11.0,502531.0,502926.0,,,,,,,,,,,,,,
2026-01-01,2,счетчик,,,,,,,,,4.0,12.0,101.317,237.889,,,,,,,,,,,,,,
2026-01-01,2,счетчик,,,,,,,,,5.0,13.0,,,,,,,,,,,,,,,,
2026-01-01,2,счетчик,,,,,,,,,6.0,14.0,,,,,,,,,,,,,,,,
2026-01-01,2,загрузка_шаров,,,,,,,,,1.0,,,,60.0,0.2,новые,,,,,,,,,,,
2026-01-01,2,загрузка_шаров,,,,,,,,,2.0,,,,30.0,0.2,новые,,,,,,,,,,,
2026-01-01,2,загрузка_шаров,,,,,,,,,4.0,,,,60.0,0.2,новые,,,,,,,,,,,
2026-01-01,2,загрузка_шаров,,,,,,,,,5.0,,,,60.0,0.1,новые,,,,,,,,,,,
2026-01-01,2,простой,,,,,,,,,3.0,,,,,,,08:00:00,20:00:00,12 часов,МШР стоит - ППР.,,,,,,,
2026-01-01,2,мкр,,,,,,,,,,,,,,,,,,,,83.0,8.0,,91.0,,,
2026-01-01,2,ph,,,,,,,,,,,,,,,,,,,,,,,,21:00,9.12,
2026-01-01,2,ph,,,,,,,,,,,,,,,,,,,,,,,,23:00,9.03,
2026-01-01,2,ph,,,,,,,,,,,,,,,,,,,,,,,,03:00,9.02,
2026-01-01,2,ph,,,,,,,,,,,,,,,,,,,,,,,,05:00,10.34,
2026-01-01,2,ph,,,,,,,,,,,,,,,,,,,,,,,,07:00,9.16,
2026-01-01,2,ph_среднее,,,,,,,,,,,,,,,,,,,,,,,,,,9.428333333333333
2026-01-02,1,итого_смена,67.5,59.5,,68.5,65.0,45.0,32.0,1017.086,,,,,,,,,,,,,,,,,,
2026-01-02,1,счетчик,,,,,,,,,1.0,21.0,511132.9,511610.7,,,,,,,,,,,,,,
2026-01-02,1,счетчик,,,,,,,,,2.0,22.0,810050.111,810050.111,,,,,,,,,,,,,,
2026-01-02,1,счетчик,,,,,,,,,3.0,23.0,502926.0,503328.0,,,,,,,,,,,,,,
2026-01-02,1,счетчик,,,,,,,,,4.0,24.0,237.889,375.175,,,,,,,,,,,,,,
2026-01-02,1,счетчик,,,,,,,,,5.0,1.0,,,,,,,,,,,,,,,,
2026-01-02,1,счетчик,,,,,,,,,6.0,2.0,,,,,,,,,,,,,,,,
2026-01-02,1,загрузка_шаров,,,,,,,,,1.0,,,,60.0,0.3,новые,,,,,,,,,,,
2026-01-02,1,загрузка_шаров,,,,,,,,,2.0,,,,30.0,0.2,новые,,,,,,,,,,,
2026-01-02,1,загрузка_шаров,,,,,,,,,4.0,,,,60.0,0.15,новые,,,,,,,,,,,
2026-01-02,1,загрузка_шаров,,,,,,,,,5.0,,,,60.0,0.15,новые,,,,,,,,,,,
2026-01-02,1,простой,,,,,,,,,3.0,,,,,,,20:00:00,08:00:00,12часов,МШР стоит - ППР.,,,,,,,
2026-01-02,1,мкр,,,,,,,,,,,,,,,,,,,,91.0,8.0,,99.0,,,
2026-01-02,1,ph,,,,,,,,,,,,,,,,,,,,,,,,21:00,9.5,
2026-01-02,1,ph,,,,,,,,,,,,,,,,,,,,,,,,23:00,9.11,
2026-01-02,1,ph,,,,,,,,,,,,,,,,,,,,,,,,03:00,9.59,
2026-01-02,1,ph,,,,,,,,,,,,,,,,,,,,,,,,05:00,9.27,
2026-01-02,1,ph,,,,,,,,,,,,,,,,,,,,,,,,07:00,10.0,
2026-01-02,1,ph_среднее,,,,,,,,,,,,,,,,,,,,,,,,,,9.556666666666667
2026-01-02,2,итого_смена,68.0,57.5,,63.0,65.0,44.5,30.5,1017.516,,,,,,,,,,,,,,,,,,
2026-01-02,2,счетчик,,,,,,,,,1.0,9.0,511610.7,512074.7,,,,,,,,,,,,,,
2026-01-02,2,счетчик,,,,,,,,,2.0,10.0,810050.111,810050.111,,,,,,,,,,,,,,
2026-01-02,2,счетчик,,,,,,,,,3.0,11.0,503328.0,503746.0,,,,,,,,,,,,,,
2026-01-02,2,счетчик,,,,,,,,,4.0,12.0,375.175,510.69100000000003,,,,,,,,,,,,,,
2026-01-02,2,счетчик,,,,,,,,,5.0,13.0,,,,,,,,,,,,,,,,
2026-01-02,2,счетчик,,,,,,,,,6.0,14.0,,,,,,,,,,,,,,,,
2026-01-02,2,загрузка_шаров,,,,,,,,,1.0,,,,60.0,0.15,новые,,,,,,,,,,,
2026-01-02,2,загрузка_шаров,,,,,,,,,2.0,,,,30.0,0.15,новые,,,,,,,,,,,
2026-01-02,2,загрузка_шаров,,,,,,,,,4.0,,,,60.0,0.15,новые,,,,,,,,,,,
2026-01-02,2,загрузка_шаров,,,,,,,,,5.0,,,,60.0,0.15,новые,,,,,,,,,,,
2026-01-02,2,простой,,,,,,,,,3.0,,,,,,,08:00:00,20:00:00,12 часов,МШР стоит - ППР.,,,,,,,
2026-01-02,2,мкр,,,,,,,,,,,,,,,,,,,,99.0,12.0,56.0,55.0,,,
2026-01-02,2,ph,,,,,,,,,,,,,,,,,,,,,,,,21:00,9.65,
2026-01-02,2,ph,,,,,,,,,,,,,,,,,,,,,,,,23:00,9.95,
2026-01-02,2,ph,,,,,,,,,,,,,,,,,,,,,,,,03:00,10.56,
2026-01-02,2,ph,,,,,,,,,,,,,,,,,,,,,,,,05:00,10.78,
2026-01-02,2,ph,,,,,,,,,,,,,,,,,,,,,,,,07:00,10.0,
2026-01-02,2,ph_среднее,,,,,,,,,,,,,,,,,,,,,,,,,,10.14
2026-01-03,1,итого_смена,69.5,60.0,,67.0,66.0,46.0,30.0,1066.2549999999999,,,,,,,,,,,,,,,,,,
2026-01-03,1,счетчик,,,,,,,,,1.0,21.0,512074.7,512574.7,,,,,,,,,,,,,,
2026-01-03,1,счетчик,,,,,,,,,2.0,22.0,810050.111,810050.111,,,,,,,,,,,,,,
2026-01-03,1,счетчик,,,,,,,,,3.0,23.0,503746.0,503746.0,,,,,,,,,,,,,,
2026-01-03,1,счетчик,,,,,,,,,4.0,24.0,510.69100000000003,667.946,,,,,,,,,,,,,,
2026-01-03,1,счетчик,,,,,,,,,5.0,1.0,,,,,,,,,,,,,,,,
2026-01-03,1,счетчик,,,,,,,,,6.0,2.0,,,,,,,,,,,,,,,,
2026-01-03,1,загрузка_шаров,,,,,,,,,1.0,,,,60.0,0.2,новые,,,,,,,,,,,
2026-01-03,1,загрузка_шаров,,,,,,,,,4.0,,,,60.0,0.2,новые,,,,,,,,,,,
2026-01-03,1,загрузка_шаров,,,,,,,,,5.0,,,,60.0,0.1,новые,,,,,,,,,,,
2026-01-03,1,простой,,,,,,,,,3.0,,,,,,,20:00:00,08:00:00,12 часов,МШР стоит - ППР.,,,,,,,
2026-01-03,1,мкр,,,,,,,,,,,,,,,,,,,,55.0,13.0,,68.0,,,
2026-01-03,1,ph,,,,,,,,,,,,,,,,,,,,,,,,21:00,9.59,
2026-01-03,1,ph,,,,,,,,,,,,,,,,,,,,,,,,23:00,9.11,
2026-01-03,1,ph,,,,,,,,,,,,,,,,,,,,,,,,03:00,10.0,
2026-01-03,1,ph,,,,,,,,,,,,,,,,,,,,,,,,05:00,9.86,
2026-01-03,1,ph,,,,,,,,,,,,,,,,,,,,,,,,07:00,9.66,
2026-01-03,1,ph_среднее,,,,,,,,,,,,,,,,,,,,,,,,,,9.716666666666667
2026-01-03,2,итого_смена,64.0,60.5,,59.0,61.5,45.0,30.5,1172.063,,,,,,,,,,,,,,,,,,
2026-01-03,2,счетчик,,,,,,,,,1.0,9.0,512574.7,513065.5,,,,,,,,,,,,,,
2026-01-03,2,счетчик,,,,,,,,,2.0,10.0,810050.111,810199.562,,,,,,,,,,,,,,
2026-01-03,2,счетчик,,,,,,,,,3.0,11.0,503746.0,504121.0,,,,,,,,,,,,,,
2026-01-03,2,счетчик,,,,,,,,,4.0,12.0,667.946,824.758,,,,,,,,,,,,,,
2026-01-03,2,счетчик,,,,,,,,,5.0,13.0,,,,,,,,,,,,,,,,
2026-01-03,2,счетчик,,,,,,,,,6.0,14.0,,,,,,,,,,,,,,,,
2026-01-03,2,загрузка_шаров,,,,,,,,,1.0,,,,60.0,0.15,новые,,,,,,,,,,,
2026-01-03,2,загрузка_шаров,,,,,,,,,2.0,,,,30.0,0.15,новые,,,,,,,,,,,
2026-01-03,2,загрузка_шаров,,,,,,,,,4.0,,,,60.0,0.15,новые,,,,,,,,,,,
2026-01-03,2,загрузка_шаров,,,,,,,,,5.0,,,,60.0,0.15,новые,,,,,,,,,,,
2026-01-03,2,простой,,,,,,,,,3.0,,,,,,,08:00:00,16:25:00,8 часов 25 мин,МШР стоит - ППР.,,,,,,,
2026-01-03,2,простой,,,,,,,,,4.0,,,,,,,16:41:00,17:13:00,32 мин,Остановили МШР №4 по мех части - подтяжка анкерных болтов,,,,,,,
2026-01-03,2,мкр,,,,,,,,,,,,,,,,,,,,68.0,13.0,72.0,9.0,,,
2026-01-03,2,ph,,,,,,,,,,,,,,,,,,,,,,,,21:00,9.46,
2026-01-03,2,ph,,,,,,,,,,,,,,,,,,,,,,,,23:00,9.69,
2026-01-03,2,ph,,,,,,,,,,,,,,,,,,,,,,,,03:00,9.63,
2026-01-03,2,ph,,,,,,,,,,,,,,,,,,,,,,,,05:00,10.1,
2026-01-03,2,ph,,,,,,,,,,,,,,,,,,,,,,,,07:00,10.7,
2026-01-03,2,ph_среднее,,,,,,,,,,,,,,,,,,,,,,,,,,9.91
2026-01-04,1,итого_смена,68.5,65.0,73.5,63.0,58.0,46.5,40.0,1510.127,,,,,,,,,,,,,,,,,,
2026-01-04,1,счетчик,,,,,,,,,1.0,21.0,513065.5,513560.9,,,,,,,,,,,,,,
2026-01-04,1,счетчик,,,,,,,,,2.0,22.0,810199.562,810665.047,,,,,,,,,,,,,,
2026-01-04,1,счетчик,,,,,,,,,3.0,23.0,504121.0,504517.0,,,,,,,,,,,,,,
2026-01-04,1,счетчик,,,,,,,,,4.0,24.0,824.758,978.0,,,,,,,,,,,,,,
2026-01-04,1,счетчик,,,,,,,,,5.0,1.0,,,,,,,,,,,,,,,,
2026-01-04,1,счетчик,,,,,,,,,6.0,2.0,,,,,,,,,,,,,,,,
2026-01-04,1,загрузка_шаров,,,,,,,,,1.0,,,,60.0,0.15,новые,,,,,,,,,,,
2026-01-04,1,загрузка_шаров,,,,,,,,,2.0,,,,30.0,0.15,новые,,,,,,,,,,,
2026-01-04,1,загрузка_шаров,,,,,,,,,3.0,,,,60.0,0.15,новые,,,,,,,,,,,
2026-01-04,1,загрузка_шаров,,,,,,,,,4.0,,,,60.0,0.1,новые,,,,,,,,,,,
2026-01-04,1,загрузка_шаров,,,,,,,,,5.0,,,,60.0,0.1,новые,,,,,,,,,,,
2026-01-04,1,простой,,,,,,,,,3.0,,,,,,,07:10:00,08:00:00,50 мин,Самопроизвольная остановка мельницы,,,,,,,
2026-01-04,1,мкр,,,,,,,,,,,,,,,,,,,,9.0,18.0,,27.0,,,
2026-01-04,1,ph,,,,,,,,,,,,,,,,,,,,,,,,21:00,9.59,
2026-01-04,1,ph,,,,,,,,,,,,,,,,,,,,,,,,23:00,9.63,
2026-01-04,1,ph,,,,,,,,,,,,,,,,,,,,,,,,03:00,10.0,
2026-01-04,1,ph,,,,,,,,,,,,,,,,,,,,,,,,05:00,10.31,
2026-01-04,1,ph,,,,,,,,,,,,,,,,,,,,,,,,07:00,9.5,
2026-01-04,1,ph_среднее,,,,,,,,,,,,,,,,,,,,,,,,,,9.775
2026-01-04,2,итого_смена,66.5,53.5,70.5,55.0,58.5,39.5,32.0,1157.732,,,,,,,,,,,,,,,,,,
2026-01-04,2,счетчик,,,,,,,,,1.0,9.0,513560.9,513924.2,,,,,,,,,,,,,,
2026-01-04,2,счетчик,,,,,,,,,2.0,10.0,810665.047,811041.539,,,,,,,,,,,,,,
2026-01-04,2,счетчик,,,,,,,,,3.0,11.0,504517.0,504781.0,,,,,,,,,,,,,,
2026-01-04,2,счетчик,,,,,,,,,4.0,12.0,978.0,1131.94,,,,,,,,,,,,,,
2026-01-04,2,счетчик,,,,,,,,,5.0,13.0,,,,,,,,,,,,,,,,
2026-01-04,2,счетчик,,,,,,,,,6.0,14.0,,,,,,,,,,,,,,,,
2026-01-04,2,загрузка_шаров,,,,,,,,,2.0,,,,30.0,0.2,новые,,,,,,,,,,,
2026-01-04,2,загрузка_шаров,,,,,,,,,3.0,,,,60.0,0.2,новые,,,,,,,,,,,
2026-01-04,2,загрузка_шаров,,,,,,,,,4.0,,,,60.0,0.2,новые,,,,,,,,,,,
2026-01-04,2,загрузка_шаров,,,,,,,,,5.0,,,,60.0,0.2,новые,,,,,,,,,,,
2026-01-04,2,простой,,,,,,,,,3.0,,,,,,,08:00:00,11:07:00,3 часа 07 мин,"МШР стоит по эл части - замена камеры, замена сцепления барабана.",,,,,,,
2026-01-04,2,простой,,,,,,,,,4.0,,,,,,,08:33:00,12:27:00,3 часа 54 мин,"Самопроизвольная остановка МШР по эл части - замена камеры, замена сцепления барабана.",,,,,,,
2026-01-04,2,простой,,,,,,,,,1.0,,,,,,,14:17:00,17:00:00,2 часа 43 мин,Остановили МШР - ППР. Питание остановили в 14:02 - 17:03. В 16:00 закончили по мех части.,,,,,,,
2026-01-04,2,мкр,,,,,,,,,,,,,,,,,,,,27.0,17.0,32.0,12.0,,,
2026-01-04,2,ph,,,,,,,,,,,,,,,,,,,,,,,,21:00,9.15,
2026-01-04,2,ph,,,,,,,,,,,,,,,,,,,,,,,,23:00,9.07,
2026-01-04,2,ph,,,,,,,,,,,,,,,,,,,,,,,,03:00,9.81,
2026-01-04,2,ph,,,,,,,,,,,,,,,,,,,,,,,,05:00,9.55,
2026-01-04,2,ph,,,,,,,,,,,,,,,,,,,,,,,,07:00,9.68,
2026-01-04,2,ph_среднее,,,,,,,,,,,,,,,,,,,,,,,,,,9.505
2026-01-05,1,итого_смена,76.5,65.5,75.0,59.0,63.0,47.0,42.0,1480.859,,,,,,,,,,,,,,,,,,
2026-01-05,1,счетчик,,,,,,,,,1.0,21.0,513891.9,514375.4,,,,,,,,,,,,,,
2026-01-05,1,счетчик,,,,,,,,,2.0,22.0,811041.539,811491.538,,,,,,,,,,,,,,
2026-01-05,1,счетчик,,,,,,,,,3.0,23.0,504781.0,505172.0,,,,,,,,,,,,,,
2026-01-05,1,счетчик,,,,,,,,,4.0,24.0,1131.94,1288.3000000000002,,,,,,,,,,,,,,
2026-01-05,1,счетчик,,,,,,,,,5.0,1.0,,,,,,,,,,,,,,,,
2026-01-05,1,счетчик,,,,,,,,,6.0,2.0,,,,,,,,,,,,,,,,
2026-01-05,1,загрузка_шаров,,,,,,,,,1.0,,,,70.0,0.25,новые,,,,,,,,,,,
2026-01-05,1,загрузка_шаров,,,,,,,,,2.0,,,,30.0,0.2,новые,,,,,,,,,,,
2026-01-05,1,загрузка_шаров,,,,,,,,,3.0,,,,70.0,0.25,новые,,,,,,,,,,,
2026-01-05,1,загрузка_шаров,,,,,,,,,4.0,,,,70.0,0.25,новые,,,,,,,,,,,
2026-01-05,1,загрузка_шаров,,,,,,,,,5.0,,,,70.0,0.2,новые,,,,,,,,,,,
2026-01-05,1,загрузка_шаров,,,,,,,,,3.0,,,,70.0,1.0,новые,,,,,,,,,,,
2026-01-05,1,простой,,,,,,,,,3.0,,,,,,,06:33:00,06:53:00,20мин,Остановка мельницы по тех.части - подтяжка болтов на барабане,,,,,,,
2026-01-05,1,мкр,,,,,,,,,,,,,,,,,,,,12.0,20.0,,32.0,,,
2026-01-05,1,ph,,,,,,,,,,,,,,,,,,,,,,,,21:00,9.66,
2026-01-05,1,ph,,,,,,,,,,,,,,,,,,,,,,,,23:00,9.89,
2026-01-05,1,ph,,,,,,,,,,,,,,,,,,,,,,,,03:00,10.15,
2026-01-05,1,ph,,,,,,,,,,,,,,,,,,,,,,,,05:00,9.63,
2026-01-05,1,ph,,,,,,,,,,,,,,,,,,,,,,,,07:00,9.86,
2026-01-05,1,ph_среднее,,,,,,,,,,,,,,,,,,,,,,,,,,9.791666666666668
2026-01-05,2,итого_смена,66.5,62.0,69.0,54.0,59.5,43.5,38.5,1410.955,,,,,,,,,,,,,,,,,,
2026-01-05,2,счетчик,,,,,,,,,1.0,9.0,514375.4,514818.30000000005,,,,,,,,,,,,,,
2026-01-05,2,счетчик,,,,,,,,,2.0,10.0,811491.538,811966.443,,,,,,,,,,,,,,
2026-01-05,2,счетчик,,,,,,,,,3.0,11.0,505172.0,505529.0,,,,,,,,,,,,,,
2026-01-05,2,счетчик,,,,,,,,,4.0,12.0,1288.3,1424.45,,,,,,,,,,,,,,
2026-01-05,2,счетчик,,,,,,,,,5.0,13.0,,,,,,,,,,,,,,,,
2026-01-05,2,счетчик,,,,,,,,,6.0,14.0,,,,,,,,,,,,,,,,
2026-01-05,2,загрузка_шаров,,,,,,,,,1.0,,,,70.0,0.2,новые,,,,,,,,,,,
2026-01-05,2,загрузка_шаров,,,,,,,,,3.0,,,,70.0,0.2,новые,,,,,,,,,,,
2026-01-05,2,загрузка_шаров,,,,,,,,,4.0,,,,70.0,0.2,новые,,,,,,,,,,,
2026-01-05,2,загрузка_шаров,,,,,,,,,5.0,,,,70.0,0.15,новые,,,,,,,,,,,
2026-01-05,2,простой,,,,,,,,,2.0,,,,,,,08:50:00,12:26:00,3 часа 36 мин,"Остановили МШЦ - ППР снизили Q МШР №1, МШР№3 до 36 тн/ч",,,,,,,
2026-01-05,2,мкр,,,,,,,,,,,,,,,,,,,,32.0,27.0,36.0,23.0,,,
2026-01-05,2,ph,,,,,,,,,,,,,,,,,,,,,,,,21:00,9.34,
2026-01-05,2,ph,,,,,,,,,,,,,,,,,,,,,,,,23:00,9.73,
2026-01-05,2,ph,,,,,,,,,,,,,,,,,,,,,,,,03:00,9.26,
2026-01-05,2,ph,,,,,,,,,,,,,,,,,,,,,,,,05:00,9.91,
2026-01-05,2,ph,,,,,,,,,,,,,,,,,,,,,,,,07:00,9.32,
2026-01-05,2,ph_среднее,,,,,,,,,,,,,,,,,,,,,,,,,,9.43
2026-01-06,1,итого_смена,77.5,65.5,72.5,67.0,65.0,49.5,35.0,1541.6049999999998,,,,,,,,,,,,,,,,,,
2026-01-06,1,счетчик,,,,,,,,,1.0,21.0,514818.30000000005,515313.00000000006,,,,,,,,,,,,,,
2026-01-06,1,счетчик,,,,,,,,,2.0,22.0,811966.443,812475.788,,,,,,,,,,,,,,
2026-01-06,1,счетчик,,,,,,,,,3.0,23.0,505526.0,505927.0,,,,,,,,,,,,,,
2026-01-06,1,счетчик,,,,,,,,,4.0,24.0,1438.45,1575.01,,,,,,,,,,,,,,
2026-01-06,1,счетчик,,,,,,,,,5.0,1.0,,,,,,,,,,,,,,,,
2026-01-06,1,счетчик,,,,,,,,,6.0,2.0,,,,,,,,,,,,,,,,
2026-01-06,1,загрузка_шаров,,,,,,,,,1.0,,,,70.0,0.2,новые,,,,,,,,,,,
2026-01-06,1,загрузка_шаров,,,,,,,,,2.0,,,,20.0,0.2,новые,,,,,,,,,,,
2026-01-06,1,загрузка_шаров,,,,,,,,,3.0,,,,70.0,0.2,новые,,,,,,,,,,,
2026-01-06,1,загрузка_шаров,,,,,,,,,4.0,,,,70.0,0.15,новые,,,,,,,,,,,
2026-01-06,1,загрузка_шаров,,,,,,,,,5.0,,,,70.0,0.2,новые,,,,,,,,,,,
2026-01-06,1,мкр,,,,,,,,,,,,,,,,,,,,23.0,30.0,,53.0,,,
2026-01-06,1,ph,,,,,,,,,,,,,,,,,,,,,,,,21:00,9.11,
2026-01-06,1,ph,,,,,,,,,,,,,,,,,,,,,,,,23:00,9.82,
2026-01-06,1,ph,,,,,,,,,,,,,,,,,,,,,,,,03:00,9.63,
2026-01-06,1,ph,,,,,,,,,,,,,,,,,,,,,,,,05:00,9.73,
2026-01-06,1,ph,,,,,,,,,,,,,,,,,,,,,,,,07:00,9.06,
2026-01-06,1,ph_среднее,,,,,,,,,,,,,,,,,,,,,,,,,,9.453333333333335
2026-01-06,2,итого_смена,63.0,53.0,70.5,61.0,59.5,43.0,32.0,1302.623,,,,,,,,,,,,,,,,,,
2026-01-06,2,счетчик,,,,,,,,,1.0,9.0,515313.0,515586.0,,,,,,,,,,,,,,
2026-01-06,2,счетчик,,,,,,,,,2.0,10.0,812475.788,812991.7609999999,,,,,,,,,,,,,,
2026-01-06,2,счетчик,,,,,,,,,3.0,11.0,505927.0,506303.0,,,,,,,,,,,,,,
2026-01-06,2,счетчик,,,,,,,,,4.0,12.0,1575.01,1712.66,,,,,,,,,,,,,,
2026-01-06,2,счетчик,,,,,,,,,5.0,13.0,,,,,,,,,,,,,,,,
2026-01-06,2,счетчик,,,,,,,,,6.0,14.0,,,,,,,,,,,,,,,,
2026-01-06,2,загрузка_шаров,,,,,,,,,1.0,,,,70.0,0.2,новые,,,,,,,,,,,
2026-01-06,2,загрузка_шаров,,,,,,,,,2.0,,,,20.0,0.2,новые,,,,,,,,,,,
2026-01-06,2,загрузка_шаров,,,,,,,,,3.0,,,,70.0,0.2,новые,,,,,,,,,,,
2026-01-06,2,загрузка_шаров,,,,,,,,,4.0,,,,70.0,0.2,новые,,,,,,,,,,,
2026-01-06,2,загрузка_шаров,,,,,,,,,5.0,,,,70.0,0.15,новые,,,,,,,,,,,
2026-01-06,2,простой,,,,,,,,,1.0,,,,,,,09:03:00,14:00:00,4 часа 57 мин,Остановили МШР по эл части - центровка привода. Питание остановили в 08:40.,,,,,,,
2026-01-06,2,простой,,,,,,,,,2.0,,,,,,,14:10:00,15:14:00,1 час 04 мин,"Остановили МШЦ по мех части - сварочные работы на течке, подтяжка болтов на бутаре.",,,,,,,
2026-01-06,2,мкр,,,,,,,,,,,,,,,,,,,,53.0,31.0,52.0,32.0,,,
2026-01-06,2,ph,,,,,,,,,,,,,,,,,,,,,,,,21:00,9.22,
2026-01-06,2,ph,,,,,,,,,,,,,,,,,,,,,,,,23:00,10.22,
2026-01-06,2,ph,,,,,,,,,,,,,,,,,,,,,,,,03:00,10.12,
2026-01-06,2,ph,,,,,,,,,,,,,,,,,,,,,,,,05:00,9.45,
2026-01-06,2,ph,,,,,,,,,,,,,,,,,,,,,,,,07:00,10.01,
2026-01-06,2,ph_среднее,,,,,,,,,,,,,,,,,,,,,,,,,,9.768333333333333
2026-01-07,1,итого_смена,67.5,58.5,68.5,61.5,60.5,41.5,33.5,1274.5860000000002,,,,,,,,,,,,,,,,,,
2026-01-07,1,счетчик,,,,,,,,,1.0,21.0,515586.0,516005.2,,,,,,,,,,,,,,
2026-01-07,1,счетчик,,,,,,,,,2.0,22.0,812991.7609999999,813415.767,,,,,,,,,,,,,,
2026-01-07,1,счетчик,,,,,,,,,3.0,23.0,506303.0,506603.0,,,,,,,,,,,,,,
2026-01-07,1,счетчик,,,,,,,,,4.0,24.0,1712.66,1844.04,,,,,,,,,,,,,,
2026-01-07,1,счетчик,,,,,,,,,5.0,1.0,,,,,,,,,,,,,,,,
2026-01-07,1,счетчик,,,,,,,,,6.0,2.0,,,,,,,,,,,,,,,,
2026-01-07,1,мкр,,,,,,,,,,,,,,,,,,,,32.0,31.0,,63.0,,,
2026-01-07,1,ph,,,,,,,,,,,,,,,,,,,,,,,,21:00,9.55,
2026-01-07,1,ph,,,,,,,,,,,,,,,,,,,,,,,,23:00,9.23,
2026-01-07,1,ph,,,,,,,,,,,,,,,,,,,,,,,,03:00,9.44,
2026-01-07,1,ph,,,,,,,,,,,,,,,,,,,,,,,,05:00,9.91,
2026-01-07,1,ph,,,,,,,,,,,,,,,,,,,,,,,,07:00,10.26,
2026-01-07,1,ph_среднее,,,,,,,,,,,,,,,,,,,,,,,,,,9.788333333333332
2026-01-07,2,итого_смена,46.0,46.5,73.0,45.5,49.5,36.5,26.5,940.6350000000001,,,,,,,,,,,,,,,,,,
2026-01-07,2,счетчик,,,,,,,,,1.0,9.0,515946.2,516252.4,,,,,,,,,,,,,,
2026-01-07,2,счетчик,,,,,,,,,2.0,10.0,813422.012,813695.357,,,,,,,,,,,,,,
2026-01-07,2,счетчик,,,,,,,,,3.0,11.0,506424.0,506726.5,,,,,,,,,,,,,,
2026-01-07,2,счетчик,,,,,,,,,4.0,12.0,1853.97,1912.56,,,,,,,,,,,,,,
2026-01-07,2,счетчик,,,,,,,,,5.0,13.0,,,,,,,,,,,,,,,,
2026-01-07,2,счетчик,,,,,,,,,6.0,14.0,,,,,,,,,,,,,,,,
2026-01-07,2,загрузка_шаров,,,,,,,,,1.0,,,,70.0,0.2,новые,,,,,,,,,,,
2026-01-07,2,загрузка_шаров,,,,,,,,,2.0,,,,20.0,0.2,новые,,,,,,,,,,,
2026-01-07,2,загрузка_шаров,,,,,,,,,3.0,,,,70.0,0.2,новые,,,,,,,,,,,
2026-01-07,2,загрузка_шаров,,,,,,,,,4.0,,,,70.0,0.2,новые,,,,,,,,,,,
2026-01-07,2,простой,,,,,,,,,5.0,,,,,,,08:30:00,12:29:00,3 часа 59 мин,Остановили МШР - ППР. Питание остановили в 08:20. В 10:30 закончили по мех части.,,,,,,,
2026-01-07,2,простой,,,,,,,,,3.0,,,,,,,15:29:00,20:00:00,4 часа 31 мин,Остановили МШР - ППР. Питание остановили в 15:20,,,,,,,
2026-01-07,2,простой,,,,,,,,,2.0,,,,,,,17:49:00,20:00:00,2 часа 11 мин,"Самопроизвольная остановка МШЦ по эл части - замена обратного, распределительного клапана.",,,,,,,
2026-01-07,2,мкр,,,,,,,,,,,,,,,,,,,,63.0,35.0,56.0,42.0,,,
2026-01-07,2,ph,,,,,,,,,,,,,,,,,,,,,,,,21:00,9.41,
2026-01-07,2,ph,,,,,,,,,,,,,,,,,,,,,,,,23:00,10.59,
2026-01-07,2,ph,,,,,,,,,,,,,,,,,,,,,,,,03:00,9.14,
2026-01-07,2,ph,,,,,,,,,,,,,,,,,,,,,,,,05:00,10.99,
2026-01-07,2,ph,,,,,,,,,,,,,,,,,,,,,,,,07:00,9.99,
2026-01-07,2,ph_среднее,,,,,,,,,,,,,,,,,,,,,,,,,,10.033333333333333
2026-01-08,1,итого_смена,68.5,56.5,73.0,67.5,64.5,43.5,30.5,1201.5639999999999,,,,,,,,,,,,,,,,,,
2026-01-08,1,счетчик,,,,,,,,,1.0,21.0,516251.8,516731.89999999997,,,,,,,,,,,,,,
2026-01-08,1,счетчик,,,,,,,,,2.0,22.0,813695.357,813939.341,,,,,,,,,,,,,,
2026-01-08,1,счетчик,,,,,,,,,3.0,23.0,506725.0,507097.0,,,,,,,,,,,,,,
2026-01-08,1,счетчик,,,,,,,,,4.0,24.0,1916.23,2021.71,,,,,,,,,,,,,,
2026-01-08,1,счетчик,,,,,,,,,5.0,1.0,,,,,,,,,,,,,,,,
2026-01-08,1,счетчик,,,,,,,,,6.0,2.0,,,,,,,,,,,,,,,,
2026-01-08,1,простой,,,,,,,,,2.0,,,,,,,20:00:00,20:04:00,04мин,"Остановка МШЦ по эл части - замена обратного, распределительного клапана.",,,,,,,
2026-01-08,1,простой,,,,,,,,,3.0,,,,,,,20:00:00,02:12:00,6час 12мин,Остановили МШР - ППР,,,,,,,
2026-01-08,1,мкр,,,,,,,,,,,,,,,,,,,,42.0,41.0,,83.0,,,
2026-01-08,1,ph,,,,,,,,,,,,,,,,,,,,,,,,21:00,9.63,
2026-01-08,1,ph,,,,,,,,,,,,,,,,,,,,,,,,23:00,9.59,
2026-01-08,1,ph,,,,,,,,,,,,,,,,,,,,,,,,03:00,9.02,
2026-01-08,1,ph,,,,,,,,,,,,,,,,,,,,,,,,05:00,10.33,
2026-01-08,1,ph,,,,,,,,,,,,,,,,,,,,,,,,07:00,9.87,
2026-01-08,1,ph_среднее,,,,,,,,,,,,,,,,,,,,,,,,,,9.728333333333333
2026-01-08,2,итого_смена,62.5,56.5,73.0,59.0,60.0,41.0,33.5,1365.806,,,,,,,,,,,,,,,,,,
2026-01-08,2,счетчик,,,,,,,,,1.0,9.0,516731.89999999997,517168.69999999995,,,,,,,,,,,,,,
2026-01-08,2,счетчик,,,,,,,,,2.0,10.0,813939.341,814339.0970000001,,,,,,,,,,,,,,
2026-01-08,2,счетчик,,,,,,,,,3.0,11.0,507097.0,507459.0,,,,,,,,,,,,,,
2026-01-08,2,счетчик,,,,,,,,,4.0,12.0,2021.71,2188.96,,,,,,,,,,,,,,
2026-01-08,2,счетчик,,,,,,,,,5.0,13.0,,,,,,,,,,,,,,,,
2026-01-08,2,счетчик,,,,,,,,,6.0,14.0,,,,,,,,,,,,,,,,
2026-01-08,2,загрузка_шаров,,,,,,,,,1.0,,,,70.0,0.2,новые,,,,,,,,,,,
2026-01-08,2,загрузка_шаров,,,,,,,,,2.0,,,,20.0,0.2,новые,,,,,,,,,,,
2026-01-08,2,загрузка_шаров,,,,,,,,,4.0,,,,70.0,0.2,новые,,,,,,,,,,,
2026-01-08,2,загрузка_шаров,,,,,,,,,5.0,,,,70.0,0.15,новые,,,,,,,,,,,
2026-01-08,2,простой,,,,,,,,,3.0,,,,,,,08:39:00,09:06:00,27 мин,Остановка мельницы по мех.части - подтяжка анкерных болтов,,,,,,,
2026-01-08,2,простой,,,,,,,,,2.0,,,,,,,16:43:00,17:02:00,19 мин,"Остановили МШЦ по мех части - подтяжка анкерных болтов. Снизили Q МШР №1,МШР №3 до 36 тн/ч.",,,,,,,
2026-01-08,2,мкр,,,,,,,,,,,,,,,,,,,,83.0,38.0,58.0,63.0,,,
2026-01-08,2,ph,,,,,,,,,,,,,,,,,,,,,,,,21:00,9.41,
2026-01-08,2,ph,,,,,,,,,,,,,,,,,,,,,,,,23:00,9.11,
2026-01-08,2,ph,,,,,,,,,,,,,,,,,,,,,,,,03:00,9.86,
2026-01-08,2,ph,,,,,,,,,,,,,,,,,,,,,,,,05:00,9.94,
2026-01-08,2,ph,,,,,,,,,,,,,,,,,,,,,,,,07:00,9.86,
2026-01-08,2,ph_среднее,,,,,,,,,,,,,,,,,,,,,,,,,,9.633333333333333
2026-01-09,1,итого_смена,67.5,61.5,74.0,62.5,58.0,44.0,34.5,1501.89,,,,,,,,,,,,,,,,,,
2026-01-09,1,счетчик,,,,,,,,,1.0,21.0,517133.7,517610.8,,,,,,,,,,,,,,
2026-01-09,1,счетчик,,,,,,,,,2.0,22.0,814339.097,814837.757,,,,,,,,,,,,,,
2026-01-09,1,счетчик,,,,,,,,,3.0,23.0,507459.0,507843.0,,,,,,,,,,,,,,
2026-01-09,1,счетчик,,,,,,,,,4.0,24.0,2188.96,2331.09,,,,,,,,,,,,,,
2026-01-09,1,счетчик,,,,,,,,,5.0,1.0,,,,,,,,,,,,,,,,
2026-01-09,1,счетчик,,,,,,,,,6.0,2.0,,,,,,,,,,,,,,,,
2026-01-09,1,загрузка_шаров,,,,,,,,,1.0,,,,70.0,0.2,новые,,,,,,,,,,,
2026-01-09,1,загрузка_шаров,,,,,,,,,2.0,,,,20.0,0.2,новые,,,,,,,,,,,
2026-01-09,1,загрузка_шаров,,,,,,,,,3.0,,,,70.0,1.0,новые,,,,,,,,,,,
2026-01-09,1,загрузка_шаров,,,,,,,,,4.0,,,,70.0,0.2,новые,,,,,,,,,,,
2026-01-09,1,загрузка_шаров,,,,,,,,,5.0,,,,70.0,0.15,новые,,,,,,,,,,,
2026-01-09,1,мкр,,,,,,,,,,,,,,,,,,,,63.0,47.0,0.0,110.0,,,
2026-01-09,1,ph,,,,,,,,,,,,,,,,,,,,,,,,21:00,9.59,
2026-01-09,1,ph,,,,,,,,,,,,,,,,,,,,,,,,23:00,9.53,
2026-01-09,1,ph,,,,,,,,,,,,,,,,,,,,,,,,03:00,9.32,
2026-01-09,1,ph,,,,,,,,,,,,,,,,,,,,,,,,05:00,10.85,
2026-01-09,1,ph,,,,,,,,,,,,,,,,,,,,,,,,07:00,9.82,
2026-01-09,1,ph_среднее,,,,,,,,,,,,,,,,,,,,,,,,,,9.836666666666666
2026-01-09,2,итого_смена,65.0,52.0,72.5,62.0,54.5,45.5,33.5,1444.519,,,,,,,,,,,,,,,,,,
2026-01-09,2,счетчик,,,,,,,,,1.0,9.0,517610.8,517973.5,,,,,,,,,,,,,,
2026-01-09,2,счетчик,,,,,,,,,2.0,10.0,814837.757,815379.326,,,,,,,,,,,,,,
2026-01-09,2,счетчик,,,,,,,,,3.0,11.0,507843.0,508227.0,,,,,,,,,,,,,,
2026-01-09,2,счетчик,,,,,,,,,4.0,12.0,2331.09,2487.34,,,,,,,,,,,,,,
2026-01-09,2,счетчик,,,,,,,,,5.0,13.0,,,,,,,,,,,,,,,,
2026-01-09,2,счетчик,,,,,,,,,6.0,14.0,,,,,,,,,,,,,,,,
2026-01-09,2,загрузка_шаров,,,,,,,,,1.0,,,,70.0,0.2,новые,,,,,,,,,,,
2026-01-09,2,загрузка_шаров,,,,,,,,,2.0,,,,20.0,0.2,новые,,,,,,,,,,,
2026-01-09,2,загрузка_шаров,,,,,,,,,3.0,,,,70.0,0.2,новые,,,,,,,,,,,
2026-01-09,2,загрузка_шаров,,,,,,,,,4.0,,,,70.0,0.2,новые,,,,,,,,,,,
2026-01-09,2,загрузка_шаров,,,,,,,,,5.0,,,,70.0,0.15,новые,,,,,,,,,,,
2026-01-09,2,простой,,,,,,,,,1.0,,,,,,,09:15:00,11:22:00,2час 07мин,Остановка мельницы - ППР,,,,,,,
2026-01-09,2,мкр,,,,,,,,,,,,,,,,,,,,110.0,39.0,56.0,93.0,,,
2026-01-09,2,ph,,,,,,,,,,,,,,,,,,,,,,,,21:00,9.37,
2026-01-09,2,ph,,,,,,,,,,,,,,,,,,,,,,,,23:00,9.85,
2026-01-09,2,ph,,,,,,,,,,,,,,,,,,,,,,,,03:00,9.89,
2026-01-09,2,ph,,,,,,,,,,,,,,,,,,,,,,,,05:00,9.66,
2026-01-09,2,ph,,,,,,,,,,,,,,,,,,,,,,,,07:00,10.02,
2026-01-09,2,ph_среднее,,,,,,,,,,,,,,,,,,,,,,,,,,9.841666666666665
2026-01-10,1,итого_смена,69.0,62.5,75.5,66.5,64.0,44.0,35.5,1520.009,,,,,,,,,,,,,,,,,,
2026-01-10,1,счетчик,,,,,,,,,1.0,21.0,517922.8,518395.8,,,,,,,,,,,,,,
2026-01-10,1,счетчик,,,,,,,,,2.0,22.0,815379.326,815873.395,,,,,,,,,,,,,,
2026-01-10,1,счетчик,,,,,,,,,3.0,23.0,508407.0,508818.0,,,,,,,,,,,,,,
2026-01-10,1,счетчик,,,,,,,,,4.0,24.0,2487.34,2629.28,,,,,,,,,,,,,,
2026-01-10,1,счетчик,,,,,,,,,5.0,1.0,,,,,,,,,,,,,,,,
2026-01-10,1,счетчик,,,,,,,,,6.0,2.0,,,,,,,,,,,,,,,,
2026-01-10,1,загрузка_шаров,,,,,,,,,1.0,,,,70.0,0.2,новые,,,,,,,,,,,
2026-01-10,1,загрузка_шаров,,,,,,,,,2.0,,,,20.0,0.2,новые,,,,,,,,,,,
2026-01-10,1,загрузка_шаров,,,,,,,,,3.0,,,,70.0,1.0,новые,,,,,,,,,,,
2026-01-10,1,загрузка_шаров,,,,,,,,,4.0,,,,70.0,0.2,новые,,,,,,,,,,,
2026-01-10,1,загрузка_шаров,,,,,,,,,5.0,,,,70.0,0.15,новые,,,,,,,,,,,
2026-01-10,1,простой,,,,,,,,,1.0,,,,,,,02:25:00,02:47:00,32 мин,Остановили МШР  - замена болта на соединении улиткового питателя с горловиной. Замена пускателя.,,,,,,,
2026-01-10,1,мкр,,,,,,,,,,,,,,,,,,,,93.0,67.0,,160.0,,,
2026-01-10,1,ph,,,,,,,,,,,,,,,,,,,,,,,,21:00,9.0,
2026-01-10,1,ph,,,,,,,,,,,,,,,,,,,,,,,,23:00,9.21,
2026-01-10,1,ph,,,,,,,,,,,,,,,,,,,,,,,,03:00,9.32,
2026-01-10,1,ph,,,,,,,,,,,,,,,,,,,,,,,,05:00,9.37,
2026-01-10,1,ph,,,,,,,,,,,,,,,,,,,,,,,,07:00,9.18,
2026-01-10,1,ph_среднее,,,,,,,,,,,,,,,,,,,,,,,,,,9.22
2026-01-10,2,итого_смена,69.5,58.0,73.0,61.5,61.0,40.5,34.0,1539.763,,,,,,,,,,,,,,,,,,
2026-01-10,2,счетчик,,,,,,,,,1.0,9.0,518395.8,518886.6,,,,,,,,,,,,,,
2026-01-10,2,счетчик,,,,,,,,,2.0,10.0,815873.395,816381.7980000001,,,,,,,,,,,,,,
2026-01-10,2,счетчик,,,,,,,,,3.0,11.0,508818.0,509217.0,,,,,,,,,,,,,,
2026-01-10,2,счетчик,,,,,,,,,4.0,12.0,2629.28,2770.84,,,,,,,,,,,,,,
2026-01-10,2,счетчик,,,,,,,,,5.0,13.0,,,,,,,,,,,,,,,,
2026-01-10,2,счетчик,,,,,,,,,6.0,14.0,,,,,,,,,,,,,,,,
2026-01-10,2,загрузка_шаров,,,,,,,,,1.0,,,,70.0,0.2,новые,,,,,,,,,,,
2026-01-10,2,загрузка_шаров,,,,,,,,,2.0,,,,20.0,0.15,новые,,,,,,,,,,,
2026-01-10,2,загрузка_шаров,,,,,,,,,3.0,,,,70.0,0.2,новые,,,,,,,,,,,
2026-01-10,2,загрузка_шаров,,,,,,,,,4.0,,,,70.0,0.2,новые,,,,,,,,,,,
2026-01-10,2,загрузка_шаров,,,,,,,,,5.0,,,,70.0,0.15,новые,,,,,,,,,,,
2026-01-10,2,простой,,,,,,,,,2.0,,,,,,,15:58:00,19:14:00,3час 16мин,Остановка мельницы по мех.части - сварочные работы на течке,,,,,,,
2026-01-10,2,мкр,,,,,,,,,,,,,,,,,,,,160.0,80.0,116.0,124.0,,,
2026-01-10,2,ph,,,,,,,,,,,,,,,,,,,,,,,,21:00,9.63,
2026-01-10,2,ph,,,,,,,,,,,,,,,,,,,,,,,,23:00,9.83,
2026-01-10,2,ph,,,,,,,,,,,,,,,,,,,,,,,,03:00,10.35,
2026-01-10,2,ph,,,,,,,,,,,,,,,,,,,,,,,,05:00,10.15,
2026-01-10,2,ph,,,,,,,,,,,,,,,,,,,,,,,,07:00,9.89,
2026-01-10,2,ph_среднее,,,,,,,,,,,,,,,,,,,,,,,,,,9.92
2026-01-11,1,итого_смена,64.5,62.0,71.5,61.5,62.0,44.5,36.5,1575.9479999999999,,,,,,,,,,,,,,,,,,
2026-01-11,1,счетчик,,,,,,,,,1.0,21.0,518745.2,519252.10000000003,,,,,,,,,,,,,,
2026-01-11,1,счетчик,,,,,,,,,2.0,22.0,816346.737,816865.325,,,,,,,,,,,,,,
2026-01-11,1,счетчик,,,,,,,,,3.0,23.0,509256.0,509659.0,,,,,,,,,,,,,,
2026-01-11,1,счетчик,,,,,,,,,4.0,24.0,2770.84,2918.3,,,,,,,,,,,,,,
2026-01-11,1,счетчик,,,,,,,,,5.0,1.0,,,,,,,,,,,,,,,,
2026-01-11,1,счетчик,,,,,,,,,6.0,2.0,,,,,,,,,,,,,,,,
2026-01-11,1,загрузка_шаров,,,,,,,,,1.0,,,,70.0,0.2,новые,,,,,,,,,,,
2026-01-11,1,загрузка_шаров,,,,,,,,,2.0,,,,20.0,0.2,новые,,,,,,,,,,,
2026-01-11,1,загрузка_шаров,,,,,,,,,3.0,,,,70.0,0.2,новые,,,,,,,,,,,
2026-01-11,1,загрузка_шаров,,,,,,,,,4.0,,,,70.0,0.2,новые,,,,,,,,,,,
2026-01-11,1,загрузка_шаров,,,,,,,,,5.0,,,,70.0,0.15,новые,,,,,,,,,,,
2026-01-11,1,мкр,,,,,,,,,,,,,,,,,,,,124.0,55.0,30.0,149.0,,,
2026-01-11,1,ph,,,,,,,,,,,,,,,,,,,,,,,,21:00,9.24,
2026-01-11,1,ph,,,,,,,,,,,,,,,,,,,,,,,,23:00,9.16,
2026-01-11,1,ph,,,,,,,,,,,,,,,,,,,,,,,,03:00,8.95,
2026-01-11,1,ph,,,,,,,,,,,,,,,,,,,,,,,,05:00,9.0,
2026-01-11,1,ph,,,,,,,,,,,,,,,,,,,,,,,,07:00,9.06,
2026-01-11,1,ph_среднее,,,,,,,,,,,,,,,,,,,,,,,,,,9.071666666666665
2026-01-11,2,итого_смена,74.0,56.0,73.0,63.0,61.5,48.0,39.0,1350.638,,,,,,,,,,,,,,,,,,
2026-01-11,2,счетчик,,,,,,,,,1.0,9.0,519252.10000000003,519578.00000000006,,,,,,,,,,,,,,
2026-01-11,2,счетчик,,,,,,,,,2.0,10.0,816865.325,817356.563,,,,,,,,,,,,,,
2026-01-11,2,счетчик,,,,,,,,,3.0,11.0,509659.0,510046.0,,,,,,,,,,,,,,
2026-01-11,2,счетчик,,,,,,,,,4.0,12.0,2918.3,3064.8,,,,,,,,,,,,,,
2026-01-11,2,счетчик,,,,,,,,,5.0,13.0,,,,,,,,,,,,,,,,
2026-01-11,2,счетчик,,,,,,,,,6.0,14.0,,,,,,,,,,,,,,,,
2026-01-11,2,загрузка_шаров,,,,,,,,,2.0,,,,70.0,0.2,новые,,,,,,,,,,,
2026-01-11,2,загрузка_шаров,,,,,,,,,3.0,,,,20.0,0.2,новые,,,,,,,,,,,
2026-01-11,2,загрузка_шаров,,,,,,,,,4.0,,,,70.0,0.2,новые,,,,,,,,,,,
2026-01-11,2,загрузка_шаров,,,,,,,,,5.0,,,,70.0,0.2,новые,,,,,,,,,,,
2026-01-11,2,простой,,,,,,,,,1.0,,,,,,,09:00:00,12:38:00,3час 38мин,Остановка мельницы по эл.части - центровка электродвигателя,,,,,,,
2026-01-11,2,мкр,,,,,,,,,,,,,,,,,,,,149.0,49.0,142.0,56.0,,,
2026-01-11,2,ph,,,,,,,,,,,,,,,,,,,,,,,,21:00,9.16,
2026-01-11,2,ph,,,,,,,,,,,,,,,,,,,,,,,,23:00,9.69,
2026-01-11,2,ph,,,,,,,,,,,,,,,,,,,,,,,,03:00,9.24,
2026-01-11,2,ph,,,,,,,,,,,,,,,,,,,,,,,,05:00,9.11,
2026-01-11,2,ph,,,,,,,,,,,,,,,,,,,,,,,,07:00,9.66,
2026-01-11,2,ph_среднее,,,,,,,,,,,,,,,,,,,,,,,,,,9.366666666666667
2026-01-12,1,итого_смена,66.5,62.0,72.0,61.5,64.0,43.5,35.0,1511.8960000000002,,,,,,,,,,,,,,,,,,
2026-01-12,1,счетчик,,,,,,,,,1.0,21.0,519534.1,520001.3,,,,,,,,,,,,,,
2026-01-12,1,счетчик,,,,,,,,,2.0,22.0,817304.618,817801.444,,,,,,,,,,,,,,
2026-01-12,1,счетчик,,,,,,,,,3.0,23.0,510034.0,510435.0,,,,,,,,,,,,,,
2026-01-12,1,счетчик,,,,,,,,,4.0,24.0,3064.8,3211.67,,,,,,,,,,,,,,
2026-01-12,1,счетчик,,,,,,,,,5.0,1.0,,,,,,,,,,,,,,,,
2026-01-12,1,счетчик,,,,,,,,,6.0,2.0,,,,,,,,,,,,,,,,
2026-01-12,1,загрузка_шаров,,,,,,,,,2.0,,,,20.0,0.2,новые,,,,,,,,,,,
2026-01-12,1,загрузка_шаров,,,,,,,,,3.0,,,,70.0,0.2,новые,,,,,,,,,,,
2026-01-12,1,загрузка_шаров,,,,,,,,,4.0,,,,70.0,0.2,новые,,,,,,,,,,,
2026-01-12,1,загрузка_шаров,,,,,,,,,5.0,,,,70.0,0.15,новые,,,,,,,,,,,
2026-01-12,1,простой,,,,,,,,,1.0,,,,,,,04:46:00,04:58:00,12 мин,Самопроизвольная остановка МШР по эл части - МТЗ.,,,,,,,
2026-01-12,1,мкр,,,,,,,,,,,,,,,,,,,,56.0,51.0,20.0,87.0,,,
2026-01-12,1,ph,,,,,,,,,,,,,,,,,,,,,,,,21:00,9.03,
2026-01-12,1,ph,,,,,,,,,,,,,,,,,,,,,,,,23:00,9.09,
2026-01-12,1,ph,,,,,,,,,,,,,,,,,,,,,,,,03:00,8.98,
2026-01-12,1,ph,,,,,,,,,,,,,,,,,,,,,,,,05:00,8.9,
2026-01-12,1,ph,,,,,,,,,,,,,,,,,,,,,,,,07:00,9.06,
2026-01-12,1,ph_среднее,,,,,,,,,,,,,,,,,,,,,,,,,,9.025
2026-01-12,2,итого_смена,61.5,45.5,75.5,,59.5,41.5,35.5,1206.6399999999999,,,,,,,,,,,,,,,,,,
2026-01-12,2,счетчик,,,,,,,,,1.0,9.0,520001.3,520483.6,,,,,,,,,,,,,,
2026-01-12,2,счетчик,,,,,,,,,2.0,10.0,817801.444,818280.7440000001,,,,,,,,,,,,,,
2026-01-12,2,счетчик,,,,,,,,,3.0,11.0,510435.0,510535.0,,,,,,,,,,,,,,
2026-01-12,2,счетчик,,,,,,,,,4.0,12.0,3211.67,3356.71,,,,,,,,,,,,,,
2026-01-12,2,счетчик,,,,,,,,,5.0,13.0,,,,,,,,,,,,,,,,
2026-01-12,2,счетчик,,,,,,,,,6.0,14.0,,,,,,,,,,,,,,,,
2026-01-12,2,загрузка_шаров,,,,,,,,,1.0,,,,70.0,0.2,новые,,,,,,,,,,,
2026-01-12,2,загрузка_шаров,,,,,,,,,2.0,,,,20.0,0.15,новые,,,,,,,,,,,
2026-01-12,2,загрузка_шаров,,,,,,,,,3.0,,,,70.0,0.2,новые,,,,,,,,,,,
2026-01-12,2,загрузка_шаров,,,,,,,,,4.0,,,,70.0,2.5,новые,,,,,,,,,,,
2026-01-12,2,загрузка_шаров,,,,,,,,,5.0,,,,70.0,0.2,новые,,,,,,,,,,,
2026-01-12,2,простой,,,,,,,,,4.0,,,,,,,08:22:00,16:38:00,8час 16мин,Остановка мельницы по мех части - замена питательной ленты №18 (13:35 закончили по мех.части),,,,,,,
2026-01-12,2,мкр,,,,,,,,,,,,,,,,,,,,87.0,40.0,76.0,51.0,,,
2026-01-12,2,ph,,,,,,,,,,,,,,,,,,,,,,,,21:00,9.15,
2026-01-12,2,ph,,,,,,,,,,,,,,,,,,,,,,,,23:00,9.23,
2026-01-12,2,ph,,,,,,,,,,,,,,,,,,,,,,,,03:00,9.59,
2026-01-12,2,ph,,,,,,,,,,,,,,,,,,,,,,,,05:00,9.41,
2026-01-12,2,ph,,,,,,,,,,,,,,,,,,,,,,,,07:00,9.69,
2026-01-12,2,ph_среднее,,,,,,,,,,,,,,,,,,,,,,,,,,9.416666666666666
2026-01-13,1,итого_смена,66.5,58.5,70.5,59.0,61.5,43.5,35.0,1543.225,,,,,,,,,,,,,,,,,,
2026-01-13,1,счетчик,,,,,,,,,1.0,21.0,520357.8,520841.7,,,,,,,,,,,,,,
2026-01-13,1,счетчик,,,,,,,,,2.0,22.0,818240.79,818753.5650000001,,,,,,,,,,,,,,
2026-01-13,1,счетчик,,,,,,,,,3.0,23.0,510535.0,510941.0,,,,,,,,,,,,,,
2026-01-13,1,счетчик,,,,,,,,,4.0,24.0,3356.71,3497.26,,,,,,,,,,,,,,
2026-01-13,1,счетчик,,,,,,,,,5.0,1.0,,,,,,,,,,,,,,,,
2026-01-13,1,счетчик,,,,,,,,,6.0,2.0,,,,,,,,,,,,,,,,
2026-01-13,1,загрузка_шаров,,,,,,,,,2.0,,,,20.0,0.2,новые,,,,,,,,,,,
2026-01-13,1,загрузка_шаров,,,,,,,,,3.0,,,,70.0,0.2,новые,,,,,,,,,,,
2026-01-13,1,загрузка_шаров,,,,,,,,,4.0,,,,70.0,0.2,новые,,,,,,,,,,,
2026-01-13,1,загрузка_шаров,,,,,,,,,5.0,,,,70.0,0.15,новые,,,,,,,,,,,
2026-01-13,1,мкр,,,,,,,,,,,,,,,,,,,,51.0,51.0,,102.0,,,
2026-01-13,1,ph,,,,,,,,,,,,,,,,,,,,,,,,21:00,9.08,
2026-01-13,1,ph,,,,,,,,,,,,,,,,,,,,,,,,23:00,9.26,
2026-01-13,1,ph,,,,,,,,,,,,,,,,,,,,,,,,03:00,9.06,
2026-01-13,1,ph,,,,,,,,,,,,,,,,,,,,,,,,05:00,9.18,
2026-01-13,1,ph,,,,,,,,,,,,,,,,,,,,,,,,07:00,9.15,
2026-01-13,1,ph_среднее,,,,,,,,,,,,,,,,,,,,,,,,,,9.2
2026-01-13,2,итого_смена,69.5,59.5,68.5,62.5,69.0,43.0,33.0,1431.481,,,,,,,,,,,,,,,,,,
2026-01-13,2,счетчик,,,,,,,,,1.0,9.0,520841.7,521365.8,,,,,,,,,,,,,,
2026-01-13,2,счетчик,,,,,,,,,2.0,10.0,818753.5650000001,819117.956,,,,,,,,,,,,,,
2026-01-13,2,счетчик,,,,,,,,,3.0,11.0,510941.0,511349.0,,,,,,,,,,,,,,
2026-01-13,2,счетчик,,,,,,,,,4.0,12.0,3497.26,3632.25,,,,,,,,,,,,,,
2026-01-13,2,счетчик,,,,,,,,,5.0,13.0,,,,,,,,,,,,,,,,
2026-01-13,2,счетчик,,,,,,,,,6.0,14.0,,,,,,,,,,,,,,,,
2026-01-13,2,загрузка_шаров,,,,,,,,,1.0,,,,70.0,0.2,новые,,,,,,,,,,,
2026-01-13,2,загрузка_шаров,,,,,,,,,2.0,,,,20.0,0.2,новые,,,,,,,,,,,
2026-01-13,2,загрузка_шаров,,,,,,,,,3.0,,,,70.0,0.2,новые,,,,,,,,,,,
2026-01-13,2,загрузка_шаров,,,,,,,,,4.0,,,,70.0,0.2,новые,,,,,,,,,,,
2026-01-13,2,загрузка_шаров,,,,,,,,,5.0,,,,70.0,0.15,новые,,,,,,,,,,,
2026-01-13,2,простой,,,,,,,,,5.0,,,,,,,15:31:00,15:58:00,29 мин,Остановка мельницы по тех.части - подтяжка анкерных болтов (15:00 закончили по мех.части),,,,,,,
2026-01-13,2,простой,,,,,,,,,3.0,,,,,,,16:18:00,19:20:00,3 часа 02 мин,Остановка мельницы по эл.части - центровка электродвигателя,,,,,,,
2026-01-13,2,мкр,,,,,,,,,,,,,,,,,,,,102.0,47.0,56.0,93.0,,,
2026-01-13,2,ph,,,,,,,,,,,,,,,,,,,,,,,,21:00,9.28,
2026-01-13,2,ph,,,,,,,,,,,,,,,,,,,,,,,,23:00,9.68,
2026-01-13,2,ph,,,,,,,,,,,,,,,,,,,,,,,,03:00,9.19,
2026-01-13,2,ph,,,,,,,,,,,,,,,,,,,,,,,,05:00,9.58,
2026-01-13,2,ph,,,,,,,,,,,,,,,,,,,,,,,,07:00,9.33,
2026-01-13,2,ph_среднее,,,,,,,,,,,,,,,,,,,,,,,,,,9.361666666666666
2026-01-14,1,итого_смена,63.5,60.5,70.5,61.0,63.5,40.0,32.5,1574.439,,,,,,,,,,,,,,,,,,
2026-01-14,1,счетчик,,,,,,,,,1.0,21.0,521365.8,521871.8,,,,,,,,,,,,,,
2026-01-14,1,счетчик,,,,,,,,,2.0,22.0,819117.956,819647.445,,,,,,,,,,,,,,
2026-01-14,1,счетчик,,,,,,,,,3.0,23.0,511349.0,511730.0,,,,,,,,,,,,,,
2026-01-14,1,счетчик,,,,,,,,,4.0,24.0,3632.25,3790.2,,,,,,,,,,,,,,
2026-01-14,1,счетчик,,,,,,,,,5.0,1.0,,,,,,,,,,,,,,,,
2026-01-14,1,счетчик,,,,,,,,,6.0,2.0,,,,,,,,,,,,,,,,
2026-01-14,1,загрузка_шаров,,,,,,,,,2.0,,,,20.0,0.2,новые,,,,,,,,,,,
2026-01-14,1,загрузка_шаров,,,,,,,,,3.0,,,,70.0,0.2,новые,,,,,,,,,,,
2026-01-14,1,загрузка_шаров,,,,,,,,,4.0,,,,70.0,0.2,новые,,,,,,,,,,,
2026-01-14,1,загрузка_шаров,,,,,,,,,5.0,,,,70.0,0.15,новые,,,,,,,,,,,
2026-01-14,1,мкр,,,,,,,,,,,,,,,,,,,,93.0,51.0,16.0,128.0,,,
2026-01-14,1,ph,,,,,,,,,,,,,,,,,,,,,,,,21:00,9.39,
2026-01-14,1,ph,,,,,,,,,,,,,,,,,,,,,,,,23:00,9.26,
2026-01-14,1,ph,,,,,,,,,,,,,,,,,,,,,,,,03:00,9.15,
2026-01-14,1,ph,,,,,,,,,,,,,,,,,,,,,,,,05:00,9.24,
2026-01-14,1,ph,,,,,,,,,,,,,,,,,,,,,,,,07:00,9.31,
2026-01-14,1,ph_среднее,,,,,,,,,,,,,,,,,,,,,,,,,,9.258333333333333
2026-01-14,2,итого_смена,71.0,61.0,74.5,65.5,66.0,46.5,35.5,1519.277,,,,,,,,,,,,,,,,,,
2026-01-14,2,счетчик,,,,,,,,,1.0,9.0,521871.8,522392.0,,,,,,,,,,,,,,
2026-01-14,2,счетчик,,,,,,,,,2.0,10.0,819647.445,820124.492,,,,,,,,,,,,,,
2026-01-14,2,счетчик,,,,,,,,,3.0,11.0,511805.0,512187.0,,,,,,,,,,,,,,
2026-01-14,2,счетчик,,,,,,,,,4.0,12.0,3790.2,3930.2299999999996,,,,,,,,,,,,,,
2026-01-14,2,счетчик,,,,,,,,,5.0,13.0,,,,,,,,,,,,,,,,
2026-01-14,2,счетчик,,,,,,,,,6.0,14.0,,,,,,,,,,,,,,,,
2026-01-14,2,загрузка_шаров,,,,,,,,,1.0,,,,70.0,0.2,новые,,,,,,,,,,,
2026-01-14,2,загрузка_шаров,,,,,,,,,2.0,,,,20.0,0.2,новые,,,,,,,,,,,
2026-01-14,2,загрузка_шаров,,,,,,,,,3.0,,,,70.0,0.2,новые,,,,,,,,,,,
2026-01-14,2,загрузка_шаров,,,,,,,,,4.0,,,,70.0,0.2,новые,,,,,,,,,,,
2026-01-14,2,загрузка_шаров,,,,,,,,,5.0,,,,70.0,0.15,новые,,,,,,,,,,,
2026-01-14,2,мкр,,,,,,,,,,,,,,,,,,,,128.0,46.0,96.0,78.0,,,
2026-01-14,2,ph,,,,,,,,,,,,,,,,,,,,,,,,21:00,9.49,
2026-01-14,2,ph,,,,,,,,,,,,,,,,,,,,,,,,23:00,9.11,
2026-01-14,2,ph,,,,,,,,,,,,,,,,,,,,,,,,03:00,9.45,
2026-01-14,2,ph,,,,,,,,,,,,,,,,,,,,,,,,05:00,9.68,
2026-01-14,2,ph,,,,,,,,,,,,,,,,,,,,,,,,07:00,9.23,
2026-01-14,2,ph_среднее,,,,,,,,,,,,,,,,,,,,,,,,,,9.416666666666668
2026-01-15,1,итого_смена,69.5,55.0,69.0,60.0,63.5,43.0,34.5,1493.3410000000001,,,,,,,,,,,,,,,,,,
2026-01-15,1,счетчик,,,,,,,,,1.0,21.0,522392.0,522858.5,,,,,,,,,,,,,,
2026-01-15,1,счетчик,,,,,,,,,2.0,22.0,820124.492,820620.2829999999,,,,,,,,,,,,,,
2026-01-15,1,счетчик,,,,,,,,,3.0,23.0,512273.0,512654.0,,,,,,,,,,,,,,
2026-01-15,1,счетчик,,,,,,,,,4.0,24.0,3930.23,4080.28,,,,,,,,,,,,,,
2026-01-15,1,счетчик,,,,,,,,,5.0,1.0,,,,,,,,,,,,,,,,
2026-01-15,1,счетчик,,,,,,,,,6.0,2.0,,,,,,,,,,,,,,,,
2026-01-15,1,загрузка_шаров,,,,,,,,,2.0,,,,20.0,0.2,новые,,,,,,,,,,,
2026-01-15,1,загрузка_шаров,,,,,,,,,3.0,,,,70.0,0.2,новые,,,,,,,,,,,
2026-01-15,1,загрузка_шаров,,,,,,,,,4.0,,,,70.0,0.2,новые,,,,,,,,,,,
2026-01-15,1,загрузка_шаров,,,,,,,,,5.0,,,,70.0,0.15,новые,,,,,,,,,,,
2026-01-15,1,мкр,,,,,,,,,,,,,,,,,,,,78.0,43.0,24.0,97.0,,,
2026-01-15,1,ph,,,,,,,,,,,,,,,,,,,,,,,,21:00,9.4,
2026-01-15,1,ph,,,,,,,,,,,,,,,,,,,,,,,,23:00,9.31,
2026-01-15,1,ph,,,,,,,,,,,,,,,,,,,,,,,,03:00,9.13,
2026-01-15,1,ph,,,,,,,,,,,,,,,,,,,,,,,,05:00,9.22,
2026-01-15,1,ph,,,,,,,,,,,,,,,,,,,,,,,,07:00,9.38,
2026-01-15,1,ph_среднее,,,,,,,,,,,,,,,,,,,,,,,,,,9.285000000000002
2026-01-15,2,итого_смена,73.5,55.5,68.5,60.0,47.0,43.0,37.5,1417.4679999999998,,,,,,,,,,,,,,,,,,
2026-01-15,2,счетчик,,,,,,,,,1.0,9.0,522858.5,523303.9,,,,,,,,,,,,,,
2026-01-15,2,счетчик,,,,,,,,,2.0,10.0,820620.2829999999,821086.9909999999,,,,,,,,,,,,,,
2026-01-15,2,счетчик,,,,,,,,,3.0,11.0,512654.0,513029.0,,,,,,,,,,,,,,
2026-01-15,2,счетчик,,,,,,,,,4.0,12.0,4080.28,4210.64,,,,,,,,,,,,,,
2026-01-15,2,счетчик,,,,,,,,,5.0,13.0,,,,,,,,,,,,,,,,
2026-01-15,2,счетчик,,,,,,,,,6.0,14.0,,,,,,,,,,,,,,,,
2026-01-15,2,загрузка_шаров,,,,,,,,,2.0,,,,20.0,0.2,новые,,,,,,,,,,,
2026-01-15,2,загрузка_шаров,,,,,,,,,3.0,,,,70.0,0.2,новые,,,,,,,,,,,
2026-01-15,2,загрузка_шаров,,,,,,,,,4.0,,,,70.0,0.2,новые,,,,,,,,,,,
2026-01-15,2,загрузка_шаров,,,,,,,,,5.0,,,,70.0,0.15,новые,,,,,,,,,,,
2026-01-15,2,мкр,,,,,,,,,,,,,,,,,,,,97.0,58.0,74.0,81.0,,,
2026-01-15,2,ph,,,,,,,,,,,,,,,,,,,,,,,,21:00,9.12,
2026-01-15,2,ph,,,,,,,,,,,,,,,,,,,,,,,,23:00,9.22,
2026-01-15,2,ph,,,,,,,,,,,,,,,,,,,,,,,,03:00,9.23,
2026-01-15,2,ph,,,,,,,,,,,,,,,,,,,,,,,,05:00,9.18,
2026-01-15,2,ph,,,,,,,,,,,,,,,,,,,,,,,,07:00,9.66,
2026-01-15,2,ph_среднее,,,,,,,,,,,,,,,,,,,,,,,,,,9.291666666666666
2026-01-16,1,итого_смена,67.0,59.5,69.0,62.0,59.5,42.0,32.5,1430.096,,,,,,,,,,,,,,,,,,
2026-01-16,1,счетчик,,,,,,,,,1.0,21.0,523303.9,523735.2,,,,,,,,,,,,,,
2026-01-16,1,счетчик,,,,,,,,,2.0,22.0,821086.991,821557.807,,,,,,,,,,,,,,
2026-01-16,1,счетчик,,,,,,,,,3.0,23.0,513230.0,513615.0,,,,,,,,,,,,,,
2026-01-16,1,счетчик,,,,,,,,,4.0,24.0,4210.64,4353.62,,,,,,,,,,,,,,
2026-01-16,1,счетчик,,,,,,,,,5.0,1.0,,,,,,,,,,,,,,,,
2026-01-16,1,счетчик,,,,,,,,,6.0,2.0,,,,,,,,,,,,,,,,
2026-01-16,1,загрузка_шаров,,,,,,,,,2.0,,,,20.0,0.2,новые,,,,,,,,,,,
2026-01-16,1,загрузка_шаров,,,,,,,,,3.0,,,,70.0,0.2,новые,,,,,,,,,,,
2026-01-16,1,загрузка_шаров,,,,,,,,,4.0,,,,70.0,0.2,новые,,,,,,,,,,,
2026-01-16,1,загрузка_шаров,,,,,,,,,5.0,,,,70.0,0.15,новые,,,,,,,,,,,
2026-01-16,1,мкр,,,,,,,,,,,,,,,,,,,,81.0,62.0,24.0,119.0,,,
2026-01-16,1,ph,,,,,,,,,,,,,,,,,,,,,,,,21:00,9.29,
2026-01-16,1,ph,,,,,,,,,,,,,,,,,,,,,,,,23:00,9.23,
2026-01-16,1,ph,,,,,,,,,,,,,,,,,,,,,,,,03:00,9.33,
2026-01-16,1,ph,,,,,,,,,,,,,,,,,,,,,,,,05:00,9.42,
2026-01-16,1,ph,,,,,,,,,,,,,,,,,,,,,,,,07:00,9.3,
2026-01-16,1,ph_среднее,,,,,,,,,,,,,,,,,,,,,,,,,,9.315000000000001
2026-01-16,2,итого_смена,71.5,64.5,71.0,63.0,63.5,39.0,31.5,1538.689,,,,,,,,,,,,,,,,,,
2026-01-16,2,счетчик,,,,,,,,,1.0,9.0,523735.2,524234.5,,,,,,,,,,,,,,
2026-01-16,2,счетчик,,,,,,,,,2.0,10.0,821557.807,822060.0360000001,,,,,,,,,,,,,,
2026-01-16,2,счетчик,,,,,,,,,3.0,11.0,513615.0,513999.0,,,,,,,,,,,,,,
2026-01-16,2,счетчик,,,,,,,,,4.0,12.0,4353.62,4506.78,,,,,,,,,,,,,,
2026-01-16,2,счетчик,,,,,,,,,5.0,13.0,,,,,,,,,,,,,,,,
2026-01-16,2,счетчик,,,,,,,,,6.0,14.0,,,,,,,,,,,,,,,,
2026-01-16,2,загрузка_шаров,,,,,,,,,2.0,,,,20.0,0.2,новые,,,,,,,,,,,
2026-01-16,2,загрузка_шаров,,,,,,,,,3.0,,,,70.0,0.2,новые,,,,,,,,,,,
2026-01-16,2,загрузка_шаров,,,,,,,,,4.0,,,,70.0,0.2,новые,,,,,,,,,,,
2026-01-16,2,загрузка_шаров,,,,,,,,,5.0,,,,70.0,0.1,новые,,,,,,,,,,,
2026-01-16,2,мкр,,,,,,,,,,,,,,,,,,,,119.0,70.0,38.0,151.0,,,
2026-01-16,2,ph,,,,,,,,,,,,,,,,,,,,,,,,21:00,9.24,
2026-01-16,2,ph,,,,,,,,,,,,,,,,,,,,,,,,23:00,9.36,
2026-01-16,2,ph,,,,,,,,,,,,,,,,,,,,,,,,03:00,9.18,
2026-01-16,2,ph,,,,,,,,,,,,,,,,,,,,,,,,05:00,9.11,
2026-01-16,2,ph,,,,,,,,,,,,,,,,,,,,,,,,07:00,9.59,
2026-01-16,2,ph_среднее,,,,,,,,,,,,,,,,,,,,,,,,,,9.323333333333334
2026-01-17,1,итого_смена,71.0,62.5,73.0,64.5,67.5,44.5,36.5,1565.078,,,,,,,,,,,,,,,,,,
2026-01-17,1,счетчик,,,,,,,,,1.0,21.0,524234.5,524755.9,,,,,,,,,,,,,,
2026-01-17,1,счетчик,,,,,,,,,2.0,22.0,822060.0360000001,822568.0640000001,,,,,,,,,,,,,,
2026-01-17,1,счетчик,,,,,,,,,3.0,23.0,513999.0,514394.0,,,,,,,,,,,,,,
2026-01-17,1,счетчик,,,,,,,,,4.0,24.0,4506.78,4647.429999999999,,,,,,,,,,,,,,
2026-01-17,1,счетчик,,,,,,,,,5.0,1.0,,,,,,,,,,,,,,,,
2026-01-17,1,счетчик,,,,,,,,,6.0,2.0,,,,,,,,,,,,,,,,
2026-01-17,1,загрузка_шаров,,,,,,,,,1.0,,,,70.0,0.15,новые,,,,,,,,,,,
2026-01-17,1,загрузка_шаров,,,,,,,,,2.0,,,,20.0,0.2,новые,,,,,,,,,,,
2026-01-17,1,загрузка_шаров,,,,,,,,,3.0,,,,70.0,0.2,новые,,,,,,,,,,,
2026-01-17,1,загрузка_шаров,,,,,,,,,4.0,,,,70.0,0.2,новые,,,,,,,,,,,
2026-01-17,1,загрузка_шаров,,,,,,,,,5.0,,,,70.0,0.15,новые,,,,,,,,,,,
2026-01-17,1,мкр,,,,,,,,,,,,,,,,,,,,151.0,66.0,24.0,193.0,,,
2026-01-17,1,ph,,,,,,,,,,,,,,,,,,,,,,,,21:00,9.08,
2026-01-17,1,ph,,,,,,,,,,,,,,,,,,,,,,,,23:00,9.15,
2026-01-17,1,ph,,,,,,,,,,,,,,,,,,,,,,,,03:00,9.23,
2026-01-17,1,ph,,,,,,,,,,,,,,,,,,,,,,,,05:00,9.17,
2026-01-17,1,ph,,,,,,,,,,,,,,,,,,,,,,,,07:00,9.3,
2026-01-17,1,ph_среднее,,,,,,,,,,,,,,,,,,,,,,,,,,9.191666666666668
2026-01-17,2,итого_смена,71.0,60.0,75.5,66.0,63.0,40.5,35.5,1403.261,,,,,,,,,,,,,,,,,,
2026-01-17,2,счетчик,,,,,,,,,1.0,9.0,524755.9,525197.6,,,,,,,,,,,,,,
2026-01-17,2,счетчик,,,,,,,,,2.0,10.0,822568.0640000001,823047.3250000002,,,,,,,,,,,,,,
2026-01-17,2,счетчик,,,,,,,,,3.0,11.0,514394.0,514770.0,,,,,,,,,,,,,,
2026-01-17,2,счетчик,,,,,,,,,4.0,12.0,4647.429999999999,4753.73,,,,,,,,,,,,,,
2026-01-17,2,счетчик,,,,,,,,,5.0,13.0,,,,,,,,,,,,,,,,
2026-01-17,2,счетчик,,,,,,,,,6.0,14.0,,,,,,,,,,,,,,,,
2026-01-17,2,простой,,,,,,,,,5.0,,,,,,,08:52:00,11:25:00,2час 27мин,Остановка мельницы - по мех. части,,,,,,,
2026-01-17,2,простой,,,,,,,,,2.0,,,,,,,11:31:00,11:32:00,1мин,Самопроизвольная остановка,,,,,,,
2026-01-17,2,простой,,,,,,,,,1.0,,,,,,,11:28:00,11:54:00,26мин,Остановка мельницы - по мех. части,,,,,,,
2026-01-17,2,мкр,,,,,,,,,,,,,,,,,,,,193.0,59.0,56.0,196.0,,,
2026-01-17,2,ph,,,,,,,,,,,,,,,,,,,,,,,,21:00,9.24,
2026-01-17,2,ph,,,,,,,,,,,,,,,,,,,,,,,,23:00,9.74,
2026-01-17,2,ph,,,,,,,,,,,,,,,,,,,,,,,,03:00,9.72,
2026-01-17,2,ph,,,,,,,,,,,,,,,,,,,,,,,,05:00,9.12,
2026-01-17,2,ph,,,,,,,,,,,,,,,,,,,,,,,,07:00,9.49,
2026-01-17,2,ph_среднее,,,,,,,,,,,,,,,,,,,,,,,,,,9.456666666666667
2026-01-18,1,итого_смена,70.0,61.0,74.5,65.0,67.5,43.5,37.5,1429.547,,,,,,,,,,,,,,,,,,
2026-01-18,1,счетчик,,,,,,,,,1.0,21.0,525197.6,525660.5,,,,,,,,,,,,,,
2026-01-18,1,счетчик,,,,,,,,,2.0,22.0,823047.3250000002,823502.0120000002,,,,,,,,,,,,,,
2026-01-18,1,счетчик,,,,,,,,,3.0,23.0,514770.0,515170.0,,,,,,,,,,,,,,
2026-01-18,1,счетчик,,,,,,,,,4.0,24.0,4753.73,4865.69,,,,,,,,,,,,,,
2026-01-18,1,счетчик,,,,,,,,,5.0,1.0,,,,,,,,,,,,,,,,
2026-01-18,1,счетчик,,,,,,,,,6.0,2.0,,,,,,,,,,,,,,,,
2026-01-18,1,загрузка_шаров,,,,,,,,,1.0,,,,70.0,0.15,новые,,,,,,,,,,,
2026-01-18,1,загрузка_шаров,,,,,,,,,2.0,,,,20.0,0.2,новые,,,,,,,,,,,
2026-01-18,1,загрузка_шаров,,,,,,,,,3.0,,,,70.0,0.2,новые,,,,,,,,,,,
2026-01-18,1,загрузка_шаров,,,,,,,,,4.0,,,,70.0,0.2,новые,,,,,,,,,,,
2026-01-18,1,загрузка_шаров,,,,,,,,,5.0,,,,70.0,0.15,новые,,,,,,,,,,,
2026-01-18,1,мкр,,,,,,,,,,,,,,,,,,,,196.0,58.0,50.0,204.0,,,
2026-01-18,1,ph,,,,,,,,,,,,,,,,,,,,,,,,21:00,9.35,
2026-01-18,1,ph,,,,,,,,,,,,,,,,,,,,,,,,23:00,9.14,
2026-01-18,1,ph,,,,,,,,,,,,,,,,,,,,,,,,03:00,9.12,
2026-01-18,1,ph,,,,,,,,,,,,,,,,,,,,,,,,05:00,9.14,
2026-01-18,1,ph,,,,,,,,,,,,,,,,,,,,,,,,07:00,9.21,
2026-01-18,1,ph_среднее,,,,,,,,,,,,,,,,,,,,,,,,,,9.18
2026-01-18,2,итого_смена,69.5,59.5,75.5,66.0,62.5,41.5,33.5,1300.437,,,,,,,,,,,,,,,,,,
2026-01-18,2,счетчик,,,,,,,,,1.0,9.0,525660.5,526110.9,,,,,,,,,,,,,,
2026-01-18,2,счетчик,,,,,,,,,2.0,10.0,823502.0120000002,823885.5190000002,,,,,,,,,,,,,,
2026-01-18,2,счетчик,,,,,,,,,3.0,11.0,515170.0,515525.0,,,,,,,,,,,,,,
2026-01-18,2,счетчик,,,,,,,,,4.0,12.0,4865.69,4977.219999999999,,,,,,,,,,,,,,
2026-01-18,2,счетчик,,,,,,,,,5.0,13.0,,,,,,,,,,,,,,,,
2026-01-18,2,счетчик,,,,,,,,,6.0,14.0,,,,,,,,,,,,,,,,
2026-01-18,2,загрузка_шаров,,,,,,,,,2.0,,,,20.0,0.2,новые,,,,,,,,,,,
2026-01-18,2,загрузка_шаров,,,,,,,,,3.0,,,,70.0,0.2,новые,,,,,,,,,,,
2026-01-18,2,загрузка_шаров,,,,,,,,,4.0,,,,70.0,0.2,новые,,,,,,,,,,,
2026-01-18,2,мкр,,,,,,,,,,,,,,,,,,,,204.0,55.0,102.0,157.0,,,
2026-01-18,2,ph,,,,,,,,,,,,,,,,,,,,,,,,21:00,9.33,
2026-01-18,2,ph,,,,,,,,,,,,,,,,,,,,,,,,23:00,9.42,
2026-01-18,2,ph,,,,,,,,,,,,,,,,,,,,,,,,03:00,9.11,
2026-01-18,2,ph,,,,,,,,,,,,,,,,,,,,,,,,05:00,9.5,
2026-01-18,2,ph,,,,,,,,,,,,,,,,,,,,,,,,07:00,9.63,
2026-01-18,2,ph_среднее,,,,,,,,,,,,,,,,,,,,,,,,,,9.365
2026-01-19,1,итого_смена,71.0,62.5,74.0,65.5,67.0,46.5,36.5,1418.554,,,,,,,,,,,,,,,,,,
2026-01-19,1,счетчик,,,,,,,,,1.0,21.0,526110.9,526575.4,,,,,,,,,,,,,,
2026-01-19,1,счетчик,,,,,,,,,2.0,22.0,823885.5190000002,824337.1730000002,,,,,,,,,,,,,,
2026-01-19,1,счетчик,,,,,,,,,3.0,23.0,515525.0,515900.0,,,,,,,,,,,,,,
2026-01-19,1,счетчик,,,,,,,,,4.0,24.0,4977.219999999999,5104.619999999999,,,,,,,,,,,,,,
2026-01-19,1,счетчик,,,,,,,,,5.0,1.0,,,,,,,,,,,,,,,,
2026-01-19,1,счетчик,,,,,,,,,6.0,2.0,,,,,,,,,,,,,,,,
2026-01-19,1,загрузка_шаров,,,,,,,,,2.0,,,,20.0,0.15,новые,,,,,,,,,,,
2026-01-19,1,загрузка_шаров,,,,,,,,,4.0,,,,60.0,0.15,новые,,,,,,,,,,,
2026-01-19,1,мкр,,,,,,,,,,,,,,,,,,,,157.0,42.0,30.0,169.0,,,
2026-01-19,1,ph,,,,,,,,,,,,,,,,,,,,,,,,21:00,10.05,
2026-01-19,1,ph,,,,,,,,,,,,,,,,,,,,,,,,23:00,9.87,
2026-01-19,1,ph,,,,,,,,,,,,,,,,,,,,,,,,03:00,9.98,
2026-01-19,1,ph,,,,,,,,,,,,,,,,,,,,,,,,05:00,9.41,
2026-01-19,1,ph,,,,,,,,,,,,,,,,,,,,,,,,07:00,9.68,
2026-01-19,1,ph_среднее,,,,,,,,,,,,,,,,,,,,,,,,,,9.713333333333333
2026-01-19,2,итого_смена,69.5,65.0,74.5,63.5,66.5,41.5,37.0,1454.771,,,,,,,,,,,,,,,,,,
2026-01-19,2,счетчик,,,,,,,,,1.0,9.0,526575.4,527045.5,,,,,,,,,,,,,,
2026-01-19,2,счетчик,,,,,,,,,2.0,10.0,824337.1730000002,824803.1140000002,,,,,,,,,,,,,,
2026-01-19,2,счетчик,,,,,,,,,3.0,11.0,515900.0,516291.0,,,,,,,,,,,,,,
2026-01-19,2,счетчик,,,,,,,,,4.0,12.0,5104.619999999999,5232.3499999999985,,,,,,,,,,,,,,
2026-01-19,2,счетчик,,,,,,,,,5.0,13.0,,,,,,,,,,,,,,,,
2026-01-19,2,счетчик,,,,,,,,,6.0,14.0,,,,,,,,,,,,,,,,
2026-01-19,2,простой,,,,,,,,,2.0,,,,,,,09:11:00,12;00,2час  49мин,Остановка мельницы - ревезия по эл. части,,,,,,,
2026-01-19,2,мкр,,,,,,,,,,,,,,,,,,,,169.0,55.0,46.0,178.0,,,
2026-01-19,2,ph,,,,,,,,,,,,,,,,,,,,,,,,21:00,9.36,
2026-01-19,2,ph,,,,,,,,,,,,,,,,,,,,,,,,23:00,9.11,
2026-01-19,2,ph,,,,,,,,,,,,,,,,,,,,,,,,03:00,9.59,
2026-01-19,2,ph,,,,,,,,,,,,,,,,,,,,,,,,05:00,9.6,
2026-01-19,2,ph,,,,,,,,,,,,,,,,,,,,,,,,07:00,9.63,
2026-01-19,2,ph_среднее,,,,,,,,,,,,,,,,,,,,,,,,,,9.479999999999999
2026-01-20,1,итого_смена,70.5,64.5,75.0,68.5,65.5,47.0,40.0,1570.7669999999998,,,,,,,,,,,,,,,,,,
2026-01-20,1,счетчик,,,,,,,,,1.0,21.0,527045.5,527533.7,,,,,,,,,,,,,,
2026-01-20,1,счетчик,,,,,,,,,2.0,22.0,824803.1140000002,825296.8410000001,,,,,,,,,,,,,,
2026-01-20,1,счетчик,,,,,,,,,3.0,23.0,516291.0,516737.0,,,,,,,,,,,,,,
2026-01-20,1,счетчик,,,,,,,,,4.0,24.0,5232.3499999999985,5375.189999999999,,,,,,,,,,,,,,
2026-01-20,1,счетчик,,,,,,,,,5.0,1.0,,,,,,,,,,,,,,,,
2026-01-20,1,счетчик,,,,,,,,,6.0,2.0,,,,,,,,,,,,,,,,
2026-01-20,1,загрузка_шаров,,,,,,,,,1.0,,,,60.0,0.1,новые,,,,,,,,,,,
2026-01-20,1,загрузка_шаров,,,,,,,,,2.0,,,,20.0,0.1,новые,,,,,,,,,,,
2026-01-20,1,загрузка_шаров,,,,,,,,,3.0,,,,60.0,0.1,новые,,,,,,,,,,,
2026-01-20,1,загрузка_шаров,,,,,,,,,4.0,,,,60.0,0.2,новые,,,,,,,,,,,
2026-01-20,1,мкр,,,,,,,,,,,,,,,,,,,,178.0,49.0,80.0,147.0,,,
2026-01-20,1,ph,,,,,,,,,,,,,,,,,,,,,,,,21:00,9.44,
2026-01-20,1,ph,,,,,,,,,,,,,,,,,,,,,,,,23:00,9.59,
2026-01-20,1,ph,,,,,,,,,,,,,,,,,,,,,,,,03:00,9.37,
2026-01-20,1,ph,,,,,,,,,,,,,,,,,,,,,,,,05:00,9.41,
2026-01-20,1,ph,,,,,,,,,,,,,,,,,,,,,,,,07:00,9.38,
2026-01-20,1,ph_среднее,,,,,,,,,,,,,,,,,,,,,,,,,,9.445
2026-01-20,2,итого_смена,70.5,64.0,73.5,69.5,65.0,41.5,32.5,1444.592,,,,,,,,,,,,,,,,,,
2026-01-20,2,счетчик,,,,,,,,,1.0,9.0,527533.7,527883.8999999999,,,,,,,,,,,,,,
2026-01-20,2,счетчик,,,,,,,,,2.0,10.0,825296.8410000001,825819.4830000001,,,,,,,,,,,,,,
2026-01-20,2,счетчик,,,,,,,,,3.0,11.0,516737.0,517168.0,,,,,,,,,,,,,,
2026-01-20,2,счетчик,,,,,,,,,4.0,12.0,5375.189999999999,5515.939999999999,,,,,,,,,,,,,,
2026-01-20,2,счетчик,,,,,,,,,5.0,13.0,,,,,,,,,,,,,,,,
2026-01-20,2,счетчик,,,,,,,,,6.0,14.0,,,,,,,,,,,,,,,,
2026-01-20,2,загрузка_шаров,,,,,,,,,1.0,,,,60.0,0.1,новые,,,,,,,,,,,
2026-01-20,2,загрузка_шаров,,,,,,,,,2.0,,,,20.0,0.2,новые,,,,,,,,,,,
2026-01-20,2,загрузка_шаров,,,,,,,,,3.0,,,,60.0,0.1,новые,,,,,,,,,,,
2026-01-20,2,загрузка_шаров,,,,,,,,,4.0,,,,60.0,0.2,новые,,,,,,,,,,,
2026-01-20,2,загрузка_шаров,,,,,,,,,5.0,,,,60.0,0.1,новые,,,,,,,,,,,
2026-01-20,2,простой,,,,,,,,,1.0,,,,,,,14:40:00,16:20:00,1час 40мин,Остановка мельницы - сварочные работы       Подняли переработку  40 - 41тн/ч,,,,,,,
2026-01-20,2,мкр,,,,,,,,,,,,,,,,,,,,147.0,46.0,114.0,79.0,,,
2026-01-20,2,ph,,,,,,,,,,,,,,,,,,,,,,,,21:00,9.39,
2026-01-20,2,ph,,,,,,,,,,,,,,,,,,,,,,,,23:00,9.33,
2026-01-20,2,ph,,,,,,,,,,,,,,,,,,,,,,,,03:00,9.51,
2026-01-20,2,ph,,,,,,,,,,,,,,,,,,,,,,,,05:00,9.55,
2026-01-20,2,ph,,,,,,,,,,,,,,,,,,,,,,,,07:00,9.11,
2026-01-20,2,ph_среднее,,,,,,,,,,,,,,,,,,,,,,,,,,9.39
2026-01-21,1,итого_смена,70.0,58.5,74.5,67.0,65.0,44.0,36.5,1524.44,,,,,,,,,,,,,,,,,,
2026-01-21,1,счетчик,,,,,,,,,1.0,21.0,527883.8999999999,528374.9999999999,,,,,,,,,,,,,,
2026-01-21,1,счетчик,,,,,,,,,2.0,22.0,825819.4830000001,826265.9030000002,,,,,,,,,,,,,,
2026-01-21,1,счетчик,,,,,,,,,3.0,23.0,517168.0,517613.0,,,,,,,,,,,,,,
2026-01-21,1,счетчик,,,,,,,,,4.0,24.0,5515.939999999999,5657.859999999999,,,,,,,,,,,,,,
2026-01-21,1,счетчик,,,,,,,,,5.0,1.0,,,,,,,,,,,,,,,,
2026-01-21,1,счетчик,,,,,,,,,6.0,2.0,,,,,,,,,,,,,,,,
2026-01-21,1,загрузка_шаров,,,,,,,,,1.0,,,,60.0,0.1,новые,,,,,,,,,,,
2026-01-21,1,загрузка_шаров,,,,,,,,,2.0,,,,20.0,0.15,новые,,,,,,,,,,,
2026-01-21,1,загрузка_шаров,,,,,,,,,3.0,,,,60.0,0.1,новые,,,,,,,,,,,
2026-01-21,1,загрузка_шаров,,,,,,,,,4.0,,,,60.0,0.2,новые,,,,,,,,,,,
2026-01-21,1,мкр,,,,,,,,,,,,,,,,,,,,79.0,55.0,20.0,114.0,,,
2026-01-21,1,ph,,,,,,,,,,,,,,,,,,,,,,,,21:00,9.93,
2026-01-21,1,ph,,,,,,,,,,,,,,,,,,,,,,,,23:00,9.62,
2026-01-21,1,ph,,,,,,,,,,,,,,,,,,,,,,,,03:00,9.46,
2026-01-21,1,ph,,,,,,,,,,,,,,,,,,,,,,,,05:00,9.37,
2026-01-21,1,ph,,,,,,,,,,,,,,,,,,,,,,,,07:00,9.55,
2026-01-21,1,ph_среднее,,,,,,,,,,,,,,,,,,,,,,,,,,9.559999999999999
2026-01-21,2,итого_смена,,,,,,,,0.0,,,,,,,,,,,,,,,,,,
2026-01-21,2,счетчик,,,,,,,,,1.0,9.0,510645.7,510645.7,,,,,,,,,,,,,,
2026-01-21,2,счетчик,,,,,,,,,2.0,10.0,810050.111,810050.111,,,,,,,,,,,,,,
2026-01-21,2,счетчик,,,,,,,,,3.0,11.0,502461.0,502461.0,,,,,,,,,,,,,,
2026-01-21,2,счетчик,,,,,,,,,4.0,12.0,101.317,101.317,,,,,,,,,,,,,,
2026-01-21,2,счетчик,,,,,,,,,5.0,13.0,,,,,,,,,,,,,,,,
2026-01-21,2,счетчик,,,,,,,,,6.0,14.0,,,,,,,,,,,,,,,,
2026-01-21,2,мкр,,,,,,,,,,,,,,,,,,,,83.0,0.0,,83.0,,,
2026-01-22,1,итого_смена,,,,,,,,0.0,,,,,,,,,,,,,,,,,,
2026-01-22,1,счетчик,,,,,,,,,1.0,21.0,510168.7,510168.7,,,,,,,,,,,,,,
2026-01-22,1,счетчик,,,,,,,,,2.0,22.0,810050.111,810050.111,,,,,,,,,,,,,,
2026-01-22,1,счетчик,,,,,,,,,3.0,23.0,502129.0,502129.0,,,,,,,,,,,,,,
2026-01-22,1,счетчик,,,,,,,,,4.0,24.0,8613.78,8613.78,,,,,,,,,,,,,,
2026-01-22,1,счетчик,,,,,,,,,5.0,1.0,,,,,,,,,,,,,,,,
2026-01-22,1,счетчик,,,,,,,,,6.0,2.0,,,,,,,,,,,,,,,,
2026-01-22,1,мкр,,,,,,,,,,,,,,,,,,,,73.0,0.0,,73.0,,,
2026-01-22,2,итого_смена,,,,,,,,0.0,,,,,,,,,,,,,,,,,,
2026-01-22,2,счетчик,,,,,,,,,1.0,9.0,510645.7,510645.7,,,,,,,,,,,,,,
2026-01-22,2,счетчик,,,,,,,,,2.0,10.0,810050.111,810050.111,,,,,,,,,,,,,,
2026-01-22,2,счетчик,,,,,,,,,3.0,11.0,502461.0,502461.0,,,,,,,,,,,,,,
2026-01-22,2,счетчик,,,,,,,,,4.0,12.0,101.317,101.317,,,,,,,,,,,,,,
2026-01-22,2,счетчик,,,,,,,,,5.0,13.0,,,,,,,,,,,,,,,,
2026-01-22,2,счетчик,,,,,,,,,6.0,14.0,,,,,,,,,,,,,,,,
2026-01-22,2,мкр,,,,,,,,,,,,,,,,,,,,83.0,0.0,,83.0,,,
2026-01-23,1,итого_смена,,,,,,,,0.0,,,,,,,,,,,,,,,,,,
2026-01-23,1,счетчик,,,,,,,,,1.0,21.0,510168.7,510168.7,,,,,,,,,,,,,,
2026-01-23,1,счетчик,,,,,,,,,2.0,22.0,810050.111,810050.111,,,,,,,,,,,,,,
2026-01-23,1,счетчик,,,,,,,,,3.0,23.0,502129.0,502129.0,,,,,,,,,,,,,,
2026-01-23,1,счетчик,,,,,,,,,4.0,24.0,8613.78,8613.78,,,,,,,,,,,,,,
2026-01-23,1,счетчик,,,,,,,,,5.0,1.0,,,,,,,,,,,,,,,,
2026-01-23,1,счетчик,,,,,,,,,6.0,2.0,,,,,,,,,,,,,,,,
2026-01-23,1,мкр,,,,,,,,,,,,,,,,,,,,73.0,0.0,,73.0,,,
2026-01-23,2,итого_смена,,,,,,,,0.0,,,,,,,,,,,,,,,,,,
2026-01-23,2,счетчик,,,,,,,,,1.0,9.0,510645.7,510645.7,,,,,,,,,,,,,,
2026-01-23,2,счетчик,,,,,,,,,2.0,10.0,810050.111,810050.111,,,,,,,,,,,,,,
2026-01-23,2,счетчик,,,,,,,,,3.0,11.0,502461.0,502461.0,,,,,,,,,,,,,,
2026-01-23,2,счетчик,,,,,,,,,4.0,12.0,101.317,101.317,,,,,,,,,,,,,,
2026-01-23,2,счетчик,,,,,,,,,5.0,13.0,,,,,,,,,,,,,,,,
2026-01-23,2,счетчик,,,,,,,,,6.0,14.0,,,,,,,,,,,,,,,,
2026-01-23,2,мкр,,,,,,,,,,,,,,,,,,,,83.0,0.0,,83.0,,,
2026-01-24,1,итого_смена,,,,,,,,0.0,,,,,,,,,,,,,,,,,,
2026-01-24,1,счетчик,,,,,,,,,1.0,21.0,510168.7,510168.7,,,,,,,,,,,,,,
2026-01-24,1,счетчик,,,,,,,,,2.0,22.0,810050.111,810050.111,,,,,,,,,,,,,,
2026-01-24,1,счетчик,,,,,,,,,3.0,23.0,502129.0,502129.0,,,,,,,,,,,,,,
2026-01-24,1,счетчик,,,,,,,,,4.0,24.0,8613.78,8613.78,,,,,,,,,,,,,,
2026-01-24,1,счетчик,,,,,,,,,5.0,1.0,,,,,,,,,,,,,,,,
2026-01-24,1,счетчик,,,,,,,,,6.0,2.0,,,,,,,,,,,,,,,,
2026-01-24,1,мкр,,,,,,,,,,,,,,,,,,,,73.0,0.0,,73.0,,,
2026-01-24,2,итого_смена,,,,,,,,0.0,,,,,,,,,,,,,,,,,,
2026-01-24,2,счетчик,,,,,,,,,1.0,9.0,510645.7,510645.7,,,,,,,,,,,,,,
2026-01-24,2,счетчик,,,,,,,,,2.0,10.0,810050.111,810050.111,,,,,,,,,,,,,,
2026-01-24,2,счетчик,,,,,,,,,3.0,11.0,502461.0,502461.0,,,,,,,,,,,,,,
2026-01-24,2,счетчик,,,,,,,,,4.0,12.0,101.317,101.317,,,,,,,,,,,,,,
2026-01-24,2,счетчик,,,,,,,,,5.0,13.0,,,,,,,,,,,,,,,,
2026-01-24,2,счетчик,,,,,,,,,6.0,14.0,,,,,,,,,,,,,,,,
2026-01-24,2,мкр,,,,,,,,,,,,,,,,,,,,83.0,0.0,,83.0,,,
2026-01-25,1,итого_смена,,,,,,,,0.0,,,,,,,,,,,,,,,,,,
2026-01-25,1,счетчик,,,,,,,,,1.0,21.0,510168.7,510168.7,,,,,,,,,,,,,,
2026-01-25,1,счетчик,,,,,,,,,2.0,22.0,810050.111,810050.111,,,,,,,,,,,,,,
2026-01-25,1,счетчик,,,,,,,,,3.0,23.0,502129.0,502129.0,,,,,,,,,,,,,,
2026-01-25,1,счетчик,,,,,,,,,4.0,24.0,8613.78,8613.78,,,,,,,,,,,,,,
2026-01-25,1,счетчик,,,,,,,,,5.0,1.0,,,,,,,,,,,,,,,,
2026-01-25,1,счетчик,,,,,,,,,6.0,2.0,,,,,,,,,,,,,,,,
2026-01-25,1,мкр,,,,,,,,,,,,,,,,,,,,73.0,0.0,,73.0,,,
2026-01-25,2,итого_смена,,,,,,,,0.0,,,,,,,,,,,,,,,,,,
2026-01-25,2,счетчик,,,,,,,,,1.0,9.0,510645.7,510645.7,,,,,,,,,,,,,,
2026-01-25,2,счетчик,,,,,,,,,2.0,10.0,810050.111,810050.111,,,,,,,,,,,,,,
2026-01-25,2,счетчик,,,,,,,,,3.0,11.0,502461.0,502461.0,,,,,,,,,,,,,,
2026-01-25,2,счетчик,,,,,,,,,4.0,12.0,101.317,101.317,,,,,,,,,,,,,,
2026-01-25,2,счетчик,,,,,,,,,5.0,13.0,,,,,,,,,,,,,,,,
2026-01-25,2,счетчик,,,,,,,,,6.0,14.0,,,,,,,,,,,,,,,,
2026-01-25,2,мкр,,,,,,,,,,,,,,,,,,,,83.0,0.0,,83.0,,,
2026-01-26,1,итого_смена,,,,,,,,0.0,,,,,,,,,,,,,,,,,,
2026-01-26,1,счетчик,,,,,,,,,1.0,21.0,510168.7,510168.7,,,,,,,,,,,,,,
2026-01-26,1,счетчик,,,,,,,,,2.0,22.0,810050.111,810050.111,,,,,,,,,,,,,,
2026-01-26,1,счетчик,,,,,,,,,3.0,23.0,502129.0,502129.0,,,,,,,,,,,,,,
2026-01-26,1,счетчик,,,,,,,,,4.0,24.0,8613.78,8613.78,,,,,,,,,,,,,,
2026-01-26,1,счетчик,,,,,,,,,5.0,1.0,,,,,,,,,,,,,,,,
2026-01-26,1,счетчик,,,,,,,,,6.0,2.0,,,,,,,,,,,,,,,,
2026-01-26,1,мкр,,,,,,,,,,,,,,,,,,,,73.0,0.0,,73.0,,,
2026-01-26,2,итого_смена,,,,,,,,0.0,,,,,,,,,,,,,,,,,,
2026-01-26,2,счетчик,,,,,,,,,1.0,9.0,510645.7,510645.7,,,,,,,,,,,,,,
2026-01-26,2,счетчик,,,,,,,,,2.0,10.0,810050.111,810050.111,,,,,,,,,,,,,,
2026-01-26,2,счетчик,,,,,,,,,3.0,11.0,502461.0,502461.0,,,,,,,,,,,,,,
2026-01-26,2,счетчик,,,,,,,,,4.0,12.0,101.317,101.317,,,,,,,,,,,,,,
2026-01-26,2,счетчик,,,,,,,,,5.0,13.0,,,,,,,,,,,,,,,,
2026-01-26,2,счетчик,,,,,,,,,6.0,14.0,,,,,,,,,,,,,,,,
2026-01-26,2,мкр,,,,,,,,,,,,,,,,,,,,83.0,0.0,,83.0,,,
2026-01-27,1,итого_смена,,,,,,,,0.0,,,,,,,,,,,,,,,,,,
2026-01-27,1,счетчик,,,,,,,,,1.0,21.0,510168.7,510168.7,,,,,,,,,,,,,,
2026-01-27,1,счетчик,,,,,,,,,2.0,22.0,810050.111,810050.111,,,,,,,,,,,,,,
2026-01-27,1,счетчик,,,,,,,,,3.0,23.0,502129.0,502129.0,,,,,,,,,,,,,,
2026-01-27,1,счетчик,,,,,,,,,4.0,24.0,8613.78,8613.78,,,,,,,,,,,,,,
2026-01-27,1,счетчик,,,,,,,,,5.0,1.0,,,,,,,,,,,,,,,,
2026-01-27,1,счетчик,,,,,,,,,6.0,2.0,,,,,,,,,,,,,,,,
2026-01-27,1,мкр,,,,,,,,,,,,,,,,,,,,73.0,0.0,,73.0,,,
2026-01-27,2,итого_смена,,,,,,,,0.0,,,,,,,,,,,,,,,,,,
2026-01-27,2,счетчик,,,,,,,,,1.0,9.0,510645.7,510645.7,,,,,,,,,,,,,,
2026-01-27,2,счетчик,,,,,,,,,2.0,10.0,810050.111,810050.111,,,,,,,,,,,,,,
2026-01-27,2,счетчик,,,,,,,,,3.0,11.0,502461.0,502461.0,,,,,,,,,,,,,,
2026-01-27,2,счетчик,,,,,,,,,4.0,12.0,101.317,101.317,,,,,,,,,,,,,,
2026-01-27,2,счетчик,,,,,,,,,5.0,13.0,,,,,,,,,,,,,,,,
2026-01-27,2,счетчик,,,,,,,,,6.0,14.0,,,,,,,,,,,,,,,,
2026-01-27,2,мкр,,,,,,,,,,,,,,,,,,,,83.0,0.0,,83.0,,,
2026-01-28,1,итого_смена,,,,,,,,0.0,,,,,,,,,,,,,,,,,,
2026-01-28,1,счетчик,,,,,,,,,1.0,21.0,510168.7,510168.7,,,,,,,,,,,,,,
2026-01-28,1,счетчик,,,,,,,,,2.0,22.0,810050.111,810050.111,,,,,,,,,,,,,,
2026-01-28,1,счетчик,,,,,,,,,3.0,23.0,502129.0,502129.0,,,,,,,,,,,,,,
2026-01-28,1,счетчик,,,,,,,,,4.0,24.0,8613.78,8613.78,,,,,,,,,,,,,,
2026-01-28,1,счетчик,,,,,,,,,5.0,1.0,,,,,,,,,,,,,,,,
2026-01-28,1,счетчик,,,,,,,,,6.0,2.0,,,,,,,,,,,,,,,,
2026-01-28,1,мкр,,,,,,,,,,,,,,,,,,,,73.0,0.0,,73.0,,,
2026-01-28,2,итого_смена,,,,,,,,0.0,,,,,,,,,,,,,,,,,,
2026-01-28,2,счетчик,,,,,,,,,1.0,9.0,510645.7,510645.7,,,,,,,,,,,,,,
2026-01-28,2,счетчик,,,,,,,,,2.0,10.0,810050.111,810050.111,,,,,,,,,,,,,,
2026-01-28,2,счетчик,,,,,,,,,3.0,11.0,502461.0,502461.0,,,,,,,,,,,,,,
2026-01-28,2,счетчик,,,,,,,,,4.0,12.0,101.317,101.317,,,,,,,,,,,,,,
2026-01-28,2,счетчик,,,,,,,,,5.0,13.0,,,,,,,,,,,,,,,,
2026-01-28,2,счетчик,,,,,,,,,6.0,14.0,,,,,,,,,,,,,,,,
2026-01-28,2,мкр,,,,,,,,,,,,,,,,,,,,83.0,0.0,,83.0,,,
2026-01-29,1,итого_смена,,,,,,,,0.0,,,,,,,,,,,,,,,,,,
2026-01-29,1,счетчик,,,,,,,,,1.0,21.0,510168.7,510168.7,,,,,,,,,,,,,,
2026-01-29,1,счетчик,,,,,,,,,2.0,22.0,810050.111,810050.111,,,,,,,,,,,,,,
2026-01-29,1,счетчик,,,,,,,,,3.0,23.0,502129.0,502129.0,,,,,,,,,,,,,,
2026-01-29,1,счетчик,,,,,,,,,4.0,24.0,8613.78,8613.78,,,,,,,,,,,,,,
2026-01-29,1,счетчик,,,,,,,,,5.0,1.0,,,,,,,,,,,,,,,,
2026-01-29,1,счетчик,,,,,,,,,6.0,2.0,,,,,,,,,,,,,,,,
2026-01-29,1,мкр,,,,,,,,,,,,,,,,,,,,73.0,0.0,,73.0,,,
2026-01-29,2,итого_смена,,,,,,,,0.0,,,,,,,,,,,,,,,,,,
2026-01-29,2,счетчик,,,,,,,,,1.0,9.0,510645.7,510645.7,,,,,,,,,,,,,,
2026-01-29,2,счетчик,,,,,,,,,2.0,10.0,810050.111,810050.111,,,,,,,,,,,,,,
2026-01-29,2,счетчик,,,,,,,,,3.0,11.0,502461.0,502461.0,,,,,,,,,,,,,,
2026-01-29,2,счетчик,,,,,,,,,4.0,12.0,101.317,101.317,,,,,,,,,,,,,,
2026-01-29,2,счетчик,,,,,,,,,5.0,13.0,,,,,,,,,,,,,,,,
2026-01-29,2,счетчик,,,,,,,,,6.0,14.0,,,,,,,,,,,,,,,,
2026-01-29,2,мкр,,,,,,,,,,,,,,,,,,,,83.0,0.0,,83.0,,,
2026-01-30,1,итого_смена,,,,,,,,0.0,,,,,,,,,,,,,,,,,,
2026-01-30,1,счетчик,,,,,,,,,1.0,21.0,510168.7,510168.7,,,,,,,,,,,,,,
2026-01-30,1,счетчик,,,,,,,,,2.0,22.0,810050.111,810050.111,,,,,,,,,,,,,,
2026-01-30,1,счетчик,,,,,,,,,3.0,23.0,502129.0,502129.0,,,,,,,,,,,,,,
2026-01-30,1,счетчик,,,,,,,,,4.0,24.0,8613.78,8613.78,,,,,,,,,,,,,,
2026-01-30,1,счетчик,,,,,,,,,5.0,1.0,,,,,,,,,,,,,,,,
2026-01-30,1,счетчик,,,,,,,,,6.0,2.0,,,,,,,,,,,,,,,,
2026-01-30,1,мкр,,,,,,,,,,,,,,,,,,,,73.0,0.0,,73.0,,,
2026-01-30,2,итого_смена,,,,,,,,0.0,,,,,,,,,,,,,,,,,,
2026-01-30,2,счетчик,,,,,,,,,1.0,9.0,510645.7,510645.7,,,,,,,,,,,,,,
2026-01-30,2,счетчик,,,,,,,,,2.0,10.0,810050.111,810050.111,,,,,,,,,,,,,,
2026-01-30,2,счетчик,,,,,,,,,3.0,11.0,502461.0,502461.0,,,,,,,,,,,,,,
2026-01-30,2,счетчик,,,,,,,,,4.0,12.0,101.317,101.317,,,,,,,,,,,,,,
2026-01-30,2,счетчик,,,,,,,,,5.0,13.0,,,,,,,,,,,,,,,,
2026-01-30,2,счетчик,,,,,,,,,6.0,14.0,,,,,,,,,,,,,,,,
2026-01-30,2,мкр,,,,,,,,,,,,,,,,,,,,83.0,0.0,,83.0,,,
2026-01-31,1,итого_смена,,,,,,,,0.0,,,,,,,,,,,,,,,,,,
2026-01-31,1,счетчик,,,,,,,,,1.0,21.0,510168.7,510168.7,,,,,,,,,,,,,,
2026-01-31,1,счетчик,,,,,,,,,2.0,22.0,810050.111,810050.111,,,,,,,,,,,,,,
2026-01-31,1,счетчик,,,,,,,,,3.0,23.0,502129.0,502129.0,,,,,,,,,,,,,,
2026-01-31,1,счетчик,,,,,,,,,4.0,24.0,8613.78,8613.78,,,,,,,,,,,,,,
2026-01-31,1,счетчик,,,,,,,,,5.0,1.0,,,,,,,,,,,,,,,,
2026-01-31,1,счетчик,,,,,,,,,6.0,2.0,,,,,,,,,,,,,,,,
2026-01-31,1,мкр,,,,,,,,,,,,,,,,,,,,73.0,0.0,,73.0,,,
2026-01-31,2,итого_смена,,,,,,,,0.0,,,,,,,,,,,,,,,,,,
2026-01-31,2,счетчик,,,,,,,,,1.0,9.0,510645.7,510645.7,,,,,,,,,,,,,,
2026-01-31,2,счетчик,,,,,,,,,2.0,10.0,810050.111,810050.111,,,,,,,,,,,,,,
2026-01-31,2,счетчик,,,,,,,,,3.0,11.0,502461.0,502461.0,,,,,,,,,,,,,,
2026-01-31,2,счетчик,,,,,,,,,4.0,12.0,101.317,101.317,,,,,,,,,,,,,,
2026-01-31,2,счетчик,,,,,,,,,5.0,13.0,,,,,,,,,,,,,,,,
2026-01-31,2,счетчик,,,,,,,,,6.0,14.0,,,,,,,,,,,,,,,,
2026-01-31,2,мкр,,,,,,,,,,,,,,,,,,,,83.0,0.0,,83.0,,,
2026-02-01,1,итого_смена,,,,,,,,0.0,,,,,,,,,,,,,,,,,,
2026-02-01,1,счетчик,,,,,,,,,1.0,21.0,510168.7,510168.7,,,,,,,,,,,,,,
2026-02-01,1,счетчик,,,,,,,,,2.0,22.0,810050.111,810050.111,,,,,,,,,,,,,,
2026-02-01,1,счетчик,,,,,,,,,3.0,23.0,502129.0,502129.0,,,,,,,,,,,,,,
2026-02-01,1,счетчик,,,,,,,,,4.0,24.0,8613.78,8613.78,,,,,,,,,,,,,,
2026-02-01,1,счетчик,,,,,,,,,5.0,1.0,,,,,,,,,,,,,,,,
2026-02-01,1,счетчик,,,,,,,,,6.0,2.0,,,,,,,,,,,,,,,,
2026-02-01,1,мкр,,,,,,,,,,,,,,,,,,,,73.0,0.0,,73.0,,,
2026-02-01,2,итого_смена,,,,,,,,0.0,,,,,,,,,,,,,,,,,,
2026-02-01,2,счетчик,,,,,,,,,1.0,9.0,510645.7,510645.7,,,,,,,,,,,,,,
2026-02-01,2,счетчик,,,,,,,,,2.0,10.0,810050.111,810050.111,,,,,,,,,,,,,,
2026-02-01,2,счетчик,,,,,,,,,3.0,11.0,502461.0,502461.0,,,,,,,,,,,,,,
2026-02-01,2,счетчик,,,,,,,,,4.0,12.0,101.317,101.317,,,,,,,,,,,,,,
2026-02-01,2,счетчик,,,,,,,,,5.0,13.0,,,,,,,,,,,,,,,,
2026-02-01,2,счетчик,,,,,,,,,6.0,14.0,,,,,,,,,,,,,,,,
2026-02-01,2,мкр,,,,,,,,,,,,,,,,,,,,83.0,0.0,,83.0,,,
2026-02-02,1,итого_смена,,,,,,,,0.0,,,,,,,,,,,,,,,,,,
2026-02-02,1,счетчик,,,,,,,,,1.0,21.0,510168.7,510168.7,,,,,,,,,,,,,,
2026-02-02,1,счетчик,,,,,,,,,2.0,22.0,810050.111,810050.111,,,,,,,,,,,,,,
2026-02-02,1,счетчик,,,,,,,,,3.0,23.0,502129.0,502129.0,,,,,,,,,,,,,,
2026-02-02,1,счетчик,,,,,,,,,4.0,24.0,8613.78,8613.78,,,,,,,,,,,,,,
2026-02-02,1,счетчик,,,,,,,,,5.0,1.0,,,,,,,,,,,,,,,,
2026-02-02,1,счетчик,,,,,,,,,6.0,2.0,,,,,,,,,,,,,,,,
2026-02-02,1,мкр,,,,,,,,,,,,,,,,,,,,73.0,0.0,,73.0,,,
2026-02-02,2,итого_смена,,,,,,,,0.0,,,,,,,,,,,,,,,,,,
2026-02-02,2,счетчик,,,,,,,,,1.0,9.0,510645.7,510645.7,,,,,,,,,,,,,,
2026-02-02,2,счетчик,,,,,,,,,2.0,10.0,810050.111,810050.111,,,,,,,,,,,,,,
2026-02-02,2,счетчик,,,,,,,,,3.0,11.0,502461.0,502461.0,,,,,,,,,,,,,,
2026-02-02,2,счетчик,,,,,,,,,4.0,12.0,101.317,101.317,,,,,,,,,,,,,,
2026-02-02,2,счетчик,,,,,,,,,5.0,13.0,,,,,,,,,,,,,,,,
2026-02-02,2,счетчик,,,,,,,,,6.0,14.0,,,,,,,,,,,,,,,,
2026-02-02,2,мкр,,,,,,,,,,,,,,,,,,,,83.0,0.0,,83.0,,,
